Run,Name,Annual_Prod,"Climate change, short term",Total human health,Total ecosystem quality,"Climate change, short term (ratio)",Total human health (ratio),Total ecosystem quality (ratio)
0,AFC,8887.525838994303,0.0,0.0,0.0,0.0,0.0,0.0
0,ALKALINE_ELECTROLYSIS,0.0,0.0,0.0,0.0,0.0,0.0,0.0
0,AL_MAKING,0.0,0.0,0.0,0.0,0.0,0.0,0.0
0,AL_MAKING_HR,0.0,0.0,0.0,0.0,0.0,0.0,0.0
0,AN_DIG,1283.0286877073643,67365465.93710369,471.4465883317677,59836466.996197395,0.002339380678041295,0.0017858499076318975,0.0017549853945428666
0,AN_DIG_SI,0.0,0.0,0.0,0.0,0.0,0.0,0.0
0,ATR,0.0,0.0,0.0,0.0,0.0,0.0,0.0
0,ATR_CCS,0.0,0.0,0.0,0.0,0.0,0.0,0.0
0,BIOGAS_ATR,0.0,0.0,0.0,0.0,0.0,0.0,0.0
0,BIOGAS_ATR_CCS,0.0,0.0,0.0,0.0,0.0,0.0,0.0
0,BIOGAS_BIOMETHANE,0.0,0.0,0.0,0.0,0.0,0.0,0.0
0,BIOGAS_SMR,0.0,0.0,0.0,0.0,0.0,0.0,0.0
0,BIOGAS_SMR_CCS,0.0,0.0,0.0,0.0,0.0,0.0,0.0
0,BIOMASS_GAS_EF_H2,0.0,0.0,0.0,0.0,0.0,0.0,0.0
0,BIOMASS_GAS_EF_H2_CCS,0.0,0.0,0.0,0.0,0.0,0.0,0.0
0,BIOMASS_GAS_FB_H2,0.0,0.0,0.0,0.0,0.0,0.0,0.0
0,BIOMASS_GAS_FB_H2_CCS,287.4878028678733,91796.18403772847,0.8894473832273857,1718660.8016910285,3.187779023992564e-06,3.3692459898813663e-06,5.040779906562281e-05
0,BUS_BIODIESEL_B100_SD,0.0,0.0,0.0,0.0,0.0,0.0,0.0
0,BUS_BIODIESEL_B20_SD,0.0,0.0,0.0,0.0,0.0,0.0,0.0
0,BUS_CNG_SD,0.0,0.0,0.0,0.0,0.0,0.0,0.0
0,BUS_DIESEL_SD,0.0,0.0,0.0,0.0,0.0,0.0,0.0
0,BUS_EV_SD,0.0,0.0,0.0,0.0,0.0,0.0,0.0
0,BUS_FC_H2_SD,0.0,0.0,0.0,0.0,0.0,0.0,0.0
0,BUS_GASOLINE_SD,0.0,0.0,0.0,0.0,0.0,0.0,0.0
0,BUS_HY_DIESEL_SD,0.0,0.0,0.0,0.0,0.0,0.0,0.0
0,BUS_PROPANE_SD,0.0,0.0,0.0,0.0,0.0,0.0,0.0
0,CAR_BIODIESEL_B100_ELD,0.0,0.0,0.0,0.0,0.0,0.0,0.0
0,CAR_BIODIESEL_B100_LD,0.0,0.0,0.0,0.0,0.0,0.0,0.0
0,CAR_BIODIESEL_B100_MD,0.0,0.0,0.0,0.0,0.0,0.0,0.0
0,CAR_BIODIESEL_B100_SD,0.0,0.0,0.0,0.0,0.0,0.0,0.0
0,CAR_BIODIESEL_B20_ELD,0.0,0.0,0.0,0.0,0.0,0.0,0.0
0,CAR_BIODIESEL_B20_LD,0.0,0.0,0.0,0.0,0.0,0.0,0.0
0,CAR_BIODIESEL_B20_MD,0.0,0.0,0.0,0.0,0.0,0.0,0.0
0,CAR_BIODIESEL_B20_SD,0.0,0.0,0.0,0.0,0.0,0.0,0.0
0,CAR_CNG_ELD,0.0,0.0,0.0,0.0,0.0,0.0,0.0
0,CAR_CNG_LD,0.0,0.0,0.0,0.0,0.0,0.0,0.0
0,CAR_CNG_MD,0.0,0.0,0.0,0.0,0.0,0.0,0.0
0,CAR_CNG_SD,0.0,0.0,0.0,0.0,0.0,0.0,0.0
0,CAR_DIESEL_ELD,0.0,0.0,0.0,0.0,0.0,0.0,0.0
0,CAR_DIESEL_LD,0.0,0.0,0.0,0.0,0.0,0.0,0.0
0,CAR_DIESEL_MD,0.0,0.0,0.0,0.0,0.0,0.0,0.0
0,CAR_DIESEL_SD,0.0,0.0,0.0,0.0,0.0,0.0,0.0
0,CAR_ETOH_E10_ELD,0.0,0.0,0.0,0.0,0.0,0.0,0.0
0,CAR_ETOH_E10_LD,0.0,0.0,0.0,0.0,0.0,0.0,0.0
0,CAR_ETOH_E10_MD,0.0,0.0,0.0,0.0,0.0,0.0,0.0
0,CAR_ETOH_E10_SD,0.0,0.0,0.0,0.0,0.0,0.0,0.0
0,CAR_ETOH_E85_ELD,0.0,0.0,0.0,0.0,0.0,0.0,0.0
0,CAR_ETOH_E85_LD,0.0,0.0,0.0,0.0,0.0,0.0,0.0
0,CAR_ETOH_E85_MD,0.0,0.0,0.0,0.0,0.0,0.0,0.0
0,CAR_ETOH_E85_SD,0.0,0.0,0.0,0.0,0.0,0.0,0.0
0,CAR_EV_ELD,0.0,0.0,0.0,0.0,0.0,0.0,0.0
0,CAR_EV_LD,6645.344000000031,263831791.56324172,2115.739742949358,274425971.7086621,0.009162008854986954,0.00801446806071763,0.008048830360631793
0,CAR_EV_MD,52026.560669999955,2065545547.4449048,16564.17818227083,2148487642.8555593,0.07172959135795728,0.06274546641960156,0.06301448970586711
0,CAR_EV_SD,53488.40491,2123583323.1906924,17029.599077949017,2208855928.688275,0.07374505208828096,0.06450849087269599,0.06478507318528172
0,CAR_FC_H2_ELD,0.0,0.0,0.0,0.0,0.0,0.0,0.0
0,CAR_FC_H2_LD,0.0,0.0,0.0,0.0,0.0,0.0,0.0
0,CAR_FC_H2_MD,0.0,0.0,0.0,0.0,0.0,0.0,0.0
0,CAR_FC_H2_SD,2.296984607450576e-12,9.055645539042543e-08,7.255272005909582e-13,9.403858011076409e-08,3.1447273326968666e-18,2.7483127807640224e-18,2.758122979226503e-18
0,CAR_GASOLINE_ELD,0.0,0.0,0.0,0.0,0.0,0.0,0.0
0,CAR_GASOLINE_LD,0.0,0.0,0.0,0.0,0.0,0.0,0.0
0,CAR_GASOLINE_MD,0.0,0.0,0.0,0.0,0.0,0.0,0.0
0,CAR_GASOLINE_SD,0.0,0.0,0.0,0.0,0.0,0.0,0.0
0,CAR_HEV_ELD,0.0,0.0,0.0,0.0,0.0,0.0,0.0
0,CAR_HEV_LD,0.0,0.0,0.0,0.0,0.0,0.0,0.0
0,CAR_HEV_MD,0.0,0.0,0.0,0.0,0.0,0.0,0.0
0,CAR_HEV_SD,0.0,0.0,0.0,0.0,0.0,0.0,0.0
0,CAR_MEOH_ELD,0.0,0.0,0.0,0.0,0.0,0.0,0.0
0,CAR_MEOH_LD,1.1148674486538602e-11,7.35286483695566e-07,5.974898895683512e-12,6.893130685650332e-07,2.5534076976300166e-17,2.2633046680268712e-17,2.0217342840044976e-17
0,CAR_MEOH_MD,0.0,0.0,0.0,0.0,0.0,0.0,0.0
0,CAR_MEOH_SD,0.0,0.0,0.0,0.0,0.0,0.0,0.0
0,CAR_PHEV_ELD,0.0,0.0,0.0,0.0,0.0,0.0,0.0
0,CAR_PHEV_LD,0.0,0.0,0.0,0.0,0.0,0.0,0.0
0,CAR_PHEV_MD,0.0,0.0,0.0,0.0,0.0,0.0,0.0
0,CAR_PHEV_SD,0.0,0.0,0.0,0.0,0.0,0.0,0.0
0,CAR_PROPANE_ELD,0.0,0.0,0.0,0.0,0.0,0.0,0.0
0,CAR_PROPANE_LD,0.0,0.0,0.0,0.0,0.0,0.0,0.0
0,CAR_PROPANE_MD,0.0,0.0,0.0,0.0,0.0,0.0,0.0
0,CAR_PROPANE_SD,0.0,0.0,0.0,0.0,0.0,0.0,0.0
0,CCGT,0.0,0.0,0.0,0.0,0.0,0.0,0.0
0,CCGT_CC,0.0,0.0,0.0,0.0,0.0,0.0,0.0
0,CEMENT_PROD,0.0,0.0,0.0,0.0,0.0,0.0,0.0
0,CEMENT_PROD_HP,0.0,0.0,0.0,0.0,0.0,0.0,0.0
0,CO2_METHANOL,0.0,0.0,0.0,0.0,0.0,0.0,0.0
0,CO2_TO_DIESEL,889.5186940546387,1768254.8441032213,17.07134723670932,2770862.0291273533,6.140566473644208e-05,6.466663380407176e-05,8.126854133485102e-05
0,CO2_TO_JETFUELS,0.0,0.0,0.0,0.0,0.0,0.0,0.0
0,COACH_BIODIESEL_B100_ELD,0.0,0.0,0.0,0.0,0.0,0.0,0.0
0,COACH_BIODIESEL_B100_LD,0.0,0.0,0.0,0.0,0.0,0.0,0.0
0,COACH_BIODIESEL_B100_MD,0.0,0.0,0.0,0.0,0.0,0.0,0.0
0,COACH_BIODIESEL_B20_ELD,0.0,0.0,0.0,0.0,0.0,0.0,0.0
0,COACH_BIODIESEL_B20_LD,0.0,0.0,0.0,0.0,0.0,0.0,0.0
0,COACH_BIODIESEL_B20_MD,0.0,0.0,0.0,0.0,0.0,0.0,0.0
0,COACH_CNG_ELD,0.0,0.0,0.0,0.0,0.0,0.0,0.0
0,COACH_CNG_LD,0.0,0.0,0.0,0.0,0.0,0.0,0.0
0,COACH_CNG_MD,0.0,0.0,0.0,0.0,0.0,0.0,0.0
0,COACH_DIESEL_ELD,0.0,0.0,0.0,0.0,0.0,0.0,0.0
0,COACH_DIESEL_LD,0.0,0.0,0.0,0.0,0.0,0.0,0.0
0,COACH_DIESEL_MD,0.0,0.0,0.0,0.0,0.0,0.0,0.0
0,COACH_ETOH_E10_ELD,0.0,0.0,0.0,0.0,0.0,0.0,0.0
0,COACH_ETOH_E10_LD,269.1364320000008,11534018.196969569,87.56591297767075,8974549.000034142,0.00040053845000285,0.0003317015786586374,0.00026322079508253946
0,COACH_ETOH_E10_MD,137.76341040000003,5903941.248764798,44.82254118087405,4593820.568471421,0.0002050244274202251,0.0001697887587031607,0.0001347353613529739
0,COACH_EV_ELD,0.0,0.0,0.0,0.0,0.0,0.0,0.0
0,COACH_EV_LD,0.0,0.0,0.0,0.0,0.0,0.0,0.0
0,COACH_EV_MD,0.0,0.0,0.0,0.0,0.0,0.0,0.0
0,COACH_GASOLINE_ELD,0.0,0.0,0.0,0.0,0.0,0.0,0.0
0,COACH_GASOLINE_LD,0.0,0.0,0.0,0.0,0.0,0.0,0.0
0,COACH_GASOLINE_MD,0.0,0.0,0.0,0.0,0.0,0.0,0.0
0,COACH_HY_DIESEL_ELD,0.0,0.0,0.0,0.0,0.0,0.0,0.0
0,COACH_HY_DIESEL_LD,0.0,0.0,0.0,0.0,0.0,0.0,0.0
0,COACH_HY_DIESEL_MD,0.0,0.0,0.0,0.0,0.0,0.0,0.0
0,COACH_PROPANE_ELD,0.0,0.0,0.0,0.0,0.0,0.0,0.0
0,COACH_PROPANE_LD,0.0,0.0,0.0,0.0,0.0,0.0,0.0
0,COACH_PROPANE_MD,1.2258510145580373e-16,5.661880616641179e-12,4.432354422415449e-17,4.352955473346557e-12,1.966184592015363e-22,1.6789854740219542e-22,1.276708613044303e-22
0,COAL_GAS_H2,0.0,0.0,0.0,0.0,0.0,0.0,0.0
0,COAL_GAS_H2_ADV,0.0,0.0,0.0,0.0,0.0,0.0,0.0
0,COAL_GAS_H2_ADV_CCS,0.0,0.0,0.0,0.0,0.0,0.0,0.0
0,COAL_GAS_H2_CCS,0.0,0.0,0.0,0.0,0.0,0.0,0.0
0,COAL_IGCC,0.0,0.0,0.0,0.0,0.0,0.0,0.0
0,COAL_IGCC_CC,0.0,0.0,0.0,0.0,0.0,0.0,0.0
0,COAL_US,0.0,0.0,0.0,0.0,0.0,0.0,0.0
0,COAL_US_CC,0.0,0.0,0.0,0.0,0.0,0.0,0.0
0,COMMUTER_RAIL_DIESEL_MD,0.0,0.0,0.0,0.0,0.0,0.0,0.0
0,COMMUTER_RAIL_ELEC_MD,18.7859196,286004.4068587141,2.3527428956868377,389886.952352524,9.93199073045264e-06,8.912241146577454e-06,1.1435265837887688e-05
0,CROPS_TO_ETHANOL,8794.505045314198,4241168058.337539,30722.314218572417,6071437278.1226425,0.1472817929777883,0.11637679297588982,0.17807341044492947
0,CROPS_TO_JETFUELS,0.0,0.0,0.0,0.0,0.0,0.0,0.0
0,CUMENE_PROCESS,0.0,0.0,0.0,0.0,0.0,0.0,0.0
0,DAC_HT,0.0,-0.0,-0.0,-0.0,-0.0,-0.0,-0.0
0,DAC_LT,0.0,-0.0,-0.0,-0.0,-0.0,-0.0,-0.0
0,DEC_ADVCOGEN_H2,0.0,0.0,0.0,0.0,0.0,0.0,0.0
0,DEC_BOILER_GAS,0.0,0.0,0.0,0.0,0.0,0.0,0.0
0,DEC_BOILER_OIL,0.0,0.0,0.0,0.0,0.0,0.0,0.0
0,DEC_BOILER_WOOD,0.0,0.0,0.0,0.0,0.0,0.0,0.0
0,DEC_COGEN_GAS,0.0,0.0,0.0,0.0,0.0,0.0,0.0
0,DEC_COGEN_OIL,0.0,0.0,0.0,0.0,0.0,0.0,0.0
0,DEC_COGEN_WOOD,0.0,0.0,0.0,0.0,0.0,0.0,0.0
0,DEC_DIRECT_ELEC,0.0,0.0,0.0,0.0,0.0,0.0,0.0
0,DEC_HP_ELEC,38631.27757397457,860892825.9340326,2078.021999074011,155235510.05384034,0.029895971397789926,0.007871592428391557,0.0045530103385986245
0,DEC_THHP_GAS,0.0,0.0,0.0,0.0,0.0,0.0,0.0
0,DEEP_SALINE,0.0,0.0,0.0,0.0,0.0,0.0,0.0
0,DHN_BOILER_GAS,0.0,0.0,0.0,0.0,0.0,0.0,0.0
0,DHN_BOILER_OIL,0.0,0.0,0.0,0.0,0.0,0.0,0.0
0,DHN_BOILER_WOOD,0.0,0.0,0.0,0.0,0.0,0.0,0.0
0,DHN_COGEN_GAS,0.0,0.0,0.0,0.0,0.0,0.0,0.0
0,DHN_COGEN_WASTE,0.0,0.0,0.0,0.0,0.0,0.0,0.0
0,DHN_COGEN_WASTE_CC,0.0,0.0,0.0,0.0,0.0,0.0,0.0
0,DHN_COGEN_WOOD,0.0,0.0,0.0,0.0,0.0,0.0,0.0
0,DHN_DEEP_GEO,0.0,0.0,0.0,0.0,0.0,0.0,0.0
0,DHN_HP_ELEC,34491.42745753828,74661660.25058557,177.4769130045953,13168349.536885012,0.002592753467240593,0.0006722863979514216,0.0003862236904618245
0,DIRECT_USAGE,348.27711869564615,198291.51968210397,1.9064172924889267,241911.3912479418,6.886011152908284e-06,7.221550075792095e-06,7.0951875958963805e-06
0,DOGR,0.0,0.0,0.0,0.0,0.0,0.0,0.0
0,EOR,0.0,0.0,0.0,0.0,0.0,0.0,0.0
0,ETHANE_CRACKING,0.0,0.0,0.0,0.0,0.0,0.0,0.0
0,ETHANE_OXIDATION,0.0,0.0,0.0,0.0,0.0,0.0,0.0
0,ETHANE_TO_ETHYLENE,0.0,0.0,0.0,0.0,0.0,0.0,0.0
0,ETHANOL_TO_JETFUELS,4990.86390844,3182662.226828049,27.354588464958443,3002259.765255964,0.00011052337298646357,0.00010361977473697807,8.805536662087272e-05
0,ETHYLENE_POLYMERIZATION,0.0,0.0,0.0,0.0,0.0,0.0,0.0
0,FOOD_PROD,0.0,0.0,0.0,0.0,0.0,0.0,0.0
0,FOOD_PROD_HP,0.0,0.0,0.0,0.0,0.0,0.0,0.0
0,FOOD_PROD_HR,0.0,0.0,0.0,0.0,0.0,0.0,0.0
0,FT,0.0,0.0,0.0,0.0,0.0,0.0,0.0
0,GASIFICATION_H2,0.0,0.0,0.0,0.0,0.0,0.0,0.0
0,GASIFICATION_SNG,0.0,0.0,0.0,0.0,0.0,0.0,0.0
0,GEOTHERMAL,0.0,0.0,0.0,0.0,0.0,0.0,0.0
0,H2_CCGT,0.0,0.0,0.0,0.0,0.0,0.0,0.0
0,H2_COMP_HE,13368.23860908581,0.0,0.0,0.0,0.0,0.0,0.0
0,H2_COMP_LM,0.0,0.0,0.0,0.0,0.0,0.0,0.0
0,H2_COMP_MH,52606.40742601767,0.0,0.0,0.0,0.0,0.0,0.0
0,H2_EXP_EH,12735.792410973807,0.0,0.0,0.0,0.0,0.0,0.0
0,H2_EXP_EH_COGEN,0.0,0.0,0.0,0.0,0.0,0.0,0.0
0,H2_EXP_HM,0.0,0.0,0.0,0.0,0.0,0.0,0.0
0,H2_EXP_HM_COGEN,0.0,0.0,0.0,0.0,0.0,0.0,0.0
0,H2_EXP_ML,0.0,0.0,0.0,0.0,0.0,0.0,0.0
0,H2_EXP_ML_COGEN,0.0,0.0,0.0,0.0,0.0,0.0,0.0
0,H2_NG_CCGT,0.0,0.0,0.0,0.0,0.0,0.0,0.0
0,H2_NG_CCGT_CCS,0.0,0.0,0.0,0.0,0.0,0.0,0.0
0,HT_LT_DEC,50.99002849024131,0.0,0.0,0.0,0.0,0.0,0.0
0,HYDRO_DAM,102702.36250757704,1332789690.7309132,9263.563153541689,4078928445.397105,0.04628339471888439,0.03509057825751568,0.11963373184302944
0,HYDRO_GAS,0.0,0.0,0.0,0.0,0.0,0.0,0.0
0,HYDRO_GAS_CHP,0.0,0.0,0.0,0.0,0.0,0.0,0.0
0,HYDRO_RIVER,73573.19568,6597898.56275437,51.05738318156582,86379719.18300696,0.00022912327850289067,0.00019340647550631905,0.002533490915506849
0,IND_BOILER_COAL,0.0,0.0,0.0,0.0,0.0,0.0,0.0
0,IND_BOILER_GAS,1086.5760334129618,220560357.00274712,1852.8989089496988,156663170.05818817,0.00765933450227837,0.007018821277523903,0.004594883172704333
0,IND_BOILER_OIL,0.0,0.0,0.0,0.0,0.0,0.0,0.0
0,IND_BOILER_WASTE,0.0,0.0,0.0,0.0,0.0,0.0,0.0
0,IND_BOILER_WASTE_CC,1063.0220197418375,1337548.7896158693,45.90522266124629,1270690.246962035,4.6448662543005864e-05,0.00017388997964646908,3.7268958819847415e-05
0,IND_BOILER_WOOD,0.0,0.0,0.0,0.0,0.0,0.0,0.0
0,IND_COGEN_GAS,0.0,0.0,0.0,0.0,0.0,0.0,0.0
0,IND_COGEN_WASTE,0.0,0.0,0.0,0.0,0.0,0.0,0.0
0,IND_COGEN_WASTE_CC,0.0,0.0,0.0,0.0,0.0,0.0,0.0
0,IND_COGEN_WOOD,0.0,0.0,0.0,0.0,0.0,0.0,0.0
0,IND_DIRECT_ELEC,42187.72010541121,0.0,0.0,0.0,0.0,0.0,0.0
0,IND_HP_ELEC,39317.99912174721,876196323.2817378,2114.961561343913,157995024.53091958,0.03042741143911768,0.008011520291908608,0.004633946059680076
0,LCV_BIODIESEL_B100_MD,0.0,0.0,0.0,0.0,0.0,0.0,0.0
0,LCV_BIODIESEL_B100_SD,0.0,0.0,0.0,0.0,0.0,0.0,0.0
0,LCV_BIODIESEL_B20_MD,0.0,0.0,0.0,0.0,0.0,0.0,0.0
0,LCV_BIODIESEL_B20_SD,0.0,0.0,0.0,0.0,0.0,0.0,0.0
0,LCV_CNG_MD,0.0,0.0,0.0,0.0,0.0,0.0,0.0
0,LCV_CNG_SD,0.0,0.0,0.0,0.0,0.0,0.0,0.0
0,LCV_DIESEL_MD,0.0,0.0,0.0,0.0,0.0,0.0,0.0
0,LCV_DIESEL_SD,0.0,0.0,0.0,0.0,0.0,0.0,0.0
0,LCV_EV_MD,0.0,0.0,0.0,0.0,0.0,0.0,0.0
0,LCV_EV_SD,0.0,0.0,0.0,0.0,0.0,0.0,0.0
0,LCV_FC_H2_MD,0.0,0.0,0.0,0.0,0.0,0.0,0.0
0,LCV_FC_H2_SD,15896.68,730437109.8259743,6119.018899128241,828441808.0748513,0.025365674199397937,0.023178976380917128,0.024297946492937896
0,LCV_GASOLINE_MD,0.0,0.0,0.0,0.0,0.0,0.0,0.0
0,LCV_GASOLINE_SD,0.0,0.0,0.0,0.0,0.0,0.0,0.0
0,LCV_PHEV_DIESEL_MD,0.0,0.0,0.0,0.0,0.0,0.0,0.0
0,LCV_PHEV_DIESEL_SD,0.0,0.0,0.0,0.0,0.0,0.0,0.0
0,LCV_PROPANE_MD,0.0,0.0,0.0,0.0,0.0,0.0,0.0
0,LCV_PROPANE_SD,0.0,0.0,0.0,0.0,0.0,0.0,0.0
0,METATHESIS_PROPYLENE,0.0,0.0,0.0,0.0,0.0,0.0,0.0
0,METHANATION,0.0,0.0,0.0,0.0,0.0,0.0,0.0
0,METHANE_TO_METHANOL,0.0,0.0,0.0,0.0,0.0,0.0,0.0
0,METHANOL_CARBONYLATION,0.0,0.0,0.0,0.0,0.0,0.0,0.0
0,METHANOL_FT,0.0,0.0,0.0,0.0,0.0,0.0,0.0
0,METHANOL_TO_AROMATICS,0.0,0.0,0.0,0.0,0.0,0.0,0.0
0,METHANOL_TO_OLEFINS,0.0,0.0,0.0,0.0,0.0,0.0,0.0
0,MINES_STORAGE,0.0,0.0,0.0,0.0,0.0,0.0,0.0
0,NEW_HYDRO_DAM,1235.7736887400913,16036889.436772147,111.46450120156129,49080004.86068065,0.0005569083322202029,0.000422229949482552,0.0014395016286650297
0,NEW_HYDRO_RIVER,0.0,0.0,0.0,0.0,0.0,0.0,0.0
0,NG_COMP_HE,0.0,0.0,0.0,0.0,0.0,0.0,0.0
0,NG_COMP_LM,0.0,0.0,0.0,0.0,0.0,0.0,0.0
0,NG_COMP_MH,0.0,0.0,0.0,0.0,0.0,0.0,0.0
0,NG_EXP_EH,100151.14688684259,327821636.6391168,2108.4945074896186,231071439.27925423,0.011384165342424056,0.00798702295156469,0.006777255098581627
0,NG_EXP_EH_COGEN,0.0,0.0,0.0,0.0,0.0,0.0,0.0
0,NG_EXP_HM,100048.45096668851,327485485.2752277,2106.3324375551515,230834496.47015268,0.011372491913098805,0.007978832983733074,0.0067703056379902855
0,NG_EXP_HM_COGEN,0.0,0.0,0.0,0.0,0.0,0.0,0.0
0,NG_EXP_ML,0.0,0.0,0.0,0.0,0.0,0.0,0.0
0,NG_EXP_ML_COGEN,0.0,0.0,0.0,0.0,0.0,0.0,0.0
0,NG_PYROLYSIS_PLASMA,53686.999374605824,7581996513.697756,67024.35024767123,10089379838.356182,0.2632977579592702,0.2538896932575938,0.29591844480783985
0,NG_PYROLYSIS_THERMAL,0.0,0.0,0.0,0.0,0.0,0.0,0.0
0,NG_REFORMING,0.0,0.0,0.0,0.0,0.0,0.0,0.0
0,NUCLEAR,0.0,0.0,0.0,0.0,0.0,0.0,0.0
0,OCGT_LARGE,0.0,0.0,0.0,0.0,0.0,0.0,0.0
0,OCGT_SMALL,0.0,0.0,0.0,0.0,0.0,0.0,0.0
0,PAFC,3.8974272089731876,0.0,0.0,0.0,0.0,0.0,0.0
0,PAPER_MAKING,0.0,0.0,0.0,0.0,0.0,0.0,0.0
0,PAPER_MAKING_HP,0.0,0.0,0.0,0.0,0.0,0.0,0.0
0,PAPER_MAKING_HR,0.0,0.0,0.0,0.0,0.0,0.0,0.0
0,PEM_ELECTROLYSIS,0.0,0.0,0.0,0.0,0.0,0.0,0.0
0,PET_FORMATION,0.0,0.0,0.0,0.0,0.0,0.0,0.0
0,PLANE_FREIGHT_ELD,431.58050000000003,1041555256.5590425,18316.962383946895,859225065.5190418,0.0361697823716014,0.06938505101334784,0.025200810079694123
0,PLANE_LH_ELD,0.0,0.0,0.0,0.0,0.0,0.0,0.0
0,PLANE_SH_LD,9668.97552,3018273611.8981214,50057.35746327866,2462492654.0284486,0.10481469801320506,0.18961835638353125,0.0722241612671361
0,POLYPROPYLENE_PP,0.0,0.0,0.0,0.0,0.0,0.0,0.0
0,PV,52238.3756475674,139703891.0265998,1359.4766746810817,177582970.87740007,0.004851455842670974,0.0051497271461818615,0.005208454573849991
0,PVC_FORMATION,0.0,0.0,0.0,0.0,0.0,0.0,0.0
0,PYROLYSIS,0.0,0.0,0.0,0.0,0.0,0.0,0.0
0,SCHOOLBUS_BIODIESEL_B100_SD,0.0,0.0,0.0,0.0,0.0,0.0,0.0
0,SCHOOLBUS_BIODIESEL_B20_SD,0.0,0.0,0.0,0.0,0.0,0.0,0.0
0,SCHOOLBUS_CNG_SD,0.0,0.0,0.0,0.0,0.0,0.0,0.0
0,SCHOOLBUS_DIESEL_SD,0.0,0.0,0.0,0.0,0.0,0.0,0.0
0,SCHOOLBUS_ETOH_E10_SD,4252.419054,118668145.79067485,1103.681233849152,115440845.04416525,0.004120953718643985,0.004180768465202092,0.0033858449062353787
0,SCHOOLBUS_EV_SD,0.0,0.0,0.0,0.0,0.0,0.0,0.0
0,SCHOOLBUS_GASOLINE_SD,0.0,0.0,0.0,0.0,0.0,0.0,0.0
0,SCHOOLBUS_HY_DIESEL_SD,0.0,0.0,0.0,0.0,0.0,0.0,0.0
0,SCHOOLBUS_PROPANE_SD,0.0,0.0,0.0,0.0,0.0,0.0,0.0
0,SEMI_LH_BIODIESEL_B100_ELD,0.0,0.0,0.0,0.0,0.0,0.0,0.0
0,SEMI_LH_BIODIESEL_B100_LD,0.0,0.0,0.0,0.0,0.0,0.0,0.0
0,SEMI_LH_BIODIESEL_B20_ELD,0.0,0.0,0.0,0.0,0.0,0.0,0.0
0,SEMI_LH_BIODIESEL_B20_LD,0.0,0.0,0.0,0.0,0.0,0.0,0.0
0,SEMI_LH_CNG_ELD,0.0,0.0,0.0,0.0,0.0,0.0,0.0
0,SEMI_LH_CNG_LD,0.0,0.0,0.0,0.0,0.0,0.0,0.0
0,SEMI_LH_DIESEL_ELD,0.0,0.0,0.0,0.0,0.0,0.0,0.0
0,SEMI_LH_DIESEL_LD,0.0,0.0,0.0,0.0,0.0,0.0,0.0
0,SEMI_LH_EV_ELD,0.0,0.0,0.0,0.0,0.0,0.0,0.0
0,SEMI_LH_EV_LD,0.0,0.0,0.0,0.0,0.0,0.0,0.0
0,SEMI_LH_FC_H2_ELD,19421.1225,331998657.343961,4839.108945791709,612399851.9245322,0.011529219509166022,0.018330649701894318,0.017961501567531866
0,SEMI_LH_FC_H2_LD,12852.5566,219710860.41176376,3202.437017703496,405275429.3008382,0.007629834284572403,0.012130900920292833,0.01188660519069853
0,SEMI_LH_HY_DIESEL_ELD,0.0,0.0,0.0,0.0,0.0,0.0,0.0
0,SEMI_LH_HY_DIESEL_LD,0.0,0.0,0.0,0.0,0.0,0.0,0.0
0,SEMI_LH_PROPANE_ELD,0.0,0.0,0.0,0.0,0.0,0.0,0.0
0,SEMI_LH_PROPANE_LD,0.0,0.0,0.0,0.0,0.0,0.0,0.0
0,SEMI_SH_BIODIESEL_B100_MD,0.0,0.0,0.0,0.0,0.0,0.0,0.0
0,SEMI_SH_BIODIESEL_B20_MD,0.0,0.0,0.0,0.0,0.0,0.0,0.0
0,SEMI_SH_CNG_MD,0.0,0.0,0.0,0.0,0.0,0.0,0.0
0,SEMI_SH_DIESEL_MD,1.06434779355623e-11,1.231614689550731e-06,1.8717410996331518e-11,1.1062776250258332e-06,4.2769920276612916e-17,7.090195904733947e-17,3.2446786578380197e-17
0,SEMI_SH_EV_MD,0.0,0.0,0.0,0.0,0.0,0.0,0.0
0,SEMI_SH_FC_H2_MD,0.0,0.0,0.0,0.0,0.0,0.0,0.0
0,SEMI_SH_HY_DIESEL_MD,2832.8620829766987,305959580.80640906,3167.025833740705,258634738.4042975,0.010624968173877085,0.011996762586971002,0.007585678286283221
0,SEMI_SH_PROPANE_MD,23744.837917023327,1973348687.8717127,15183.026869698371,1740444837.2497287,0.06852789819275322,0.05751363527471809,0.051046718209063396
0,SMART_PROCESS,0.0,0.0,0.0,0.0,0.0,0.0,0.0
0,SMR,0.0,0.0,0.0,0.0,0.0,0.0,0.0
0,SMR_CCS,0.0,0.0,0.0,0.0,0.0,0.0,0.0
0,SNG_NG,1283.0286877073643,0.0,0.0,0.0,0.0,0.0,0.0
0,SOEC_ELECTROLYSIS,0.0,0.0,0.0,0.0,0.0,0.0,0.0
0,SOFC,5.841392905023243,955.1193392542812,0.00797250365533422,1235.179267603853,3.316814775037981e-08,3.02000168605615e-08,3.62274325859626e-08
0,STEEL_MAKING,0.0,0.0,0.0,0.0,0.0,0.0,0.0
0,STEEL_MAKING_HP,0.0,0.0,0.0,0.0,0.0,0.0,0.0
0,STEEL_MAKING_HR,0.0,0.0,0.0,0.0,0.0,0.0,0.0
0,STYRENE_POLYMERIZATION,0.0,0.0,0.0,0.0,0.0,0.0,0.0
0,SUV_BIODIESEL_B100_ELD,0.0,0.0,0.0,0.0,0.0,0.0,0.0
0,SUV_BIODIESEL_B100_LD,0.0,0.0,0.0,0.0,0.0,0.0,0.0
0,SUV_BIODIESEL_B100_MD,2.3809209999134203e-11,1.378469882020991e-06,1.973831353205555e-11,1.9118017222418188e-06,4.786971725650347e-17,7.476916000763345e-17,5.60725635758126e-17
0,SUV_BIODIESEL_B100_SD,0.0,0.0,0.0,0.0,0.0,0.0,0.0
0,SUV_BIODIESEL_B20_ELD,0.0,0.0,0.0,0.0,0.0,0.0,0.0
0,SUV_BIODIESEL_B20_LD,0.0,0.0,0.0,0.0,0.0,0.0,0.0
0,SUV_BIODIESEL_B20_MD,0.0,0.0,0.0,0.0,0.0,0.0,0.0
0,SUV_BIODIESEL_B20_SD,0.0,0.0,0.0,0.0,0.0,0.0,0.0
0,SUV_CNG_ELD,0.0,0.0,0.0,0.0,0.0,0.0,0.0
0,SUV_CNG_LD,0.0,0.0,0.0,0.0,0.0,0.0,0.0
0,SUV_CNG_MD,1.6029718803256937e-11,3.935691797731164e-06,2.933578049931512e-11,3.1603324828247775e-06,1.3667360892202776e-16,1.1112457315767865e-16,9.269159139374571e-17
0,SUV_CNG_SD,2.29698460745071e-12,5.639664419579021e-07,4.203681741490587e-12,4.5286103621481237e-07,1.9584696387490568e-17,1.5923637662368467e-17,1.3282276581688073e-17
0,SUV_DIESEL_ELD,0.0,0.0,0.0,0.0,0.0,0.0,0.0
0,SUV_DIESEL_LD,1.6155871338926322e-27,3.5540591222325765e-22,3.2226493104494954e-27,3.1358958117946044e-22,1.23420763495201e-32,1.2207465523848878e-32,9.197487125798088e-33
0,SUV_DIESEL_MD,0.0,0.0,0.0,0.0,0.0,0.0,0.0
0,SUV_DIESEL_SD,0.0,0.0,0.0,0.0,0.0,0.0,0.0
0,SUV_ETOH_E10_ELD,0.0,0.0,0.0,0.0,0.0,0.0,0.0
0,SUV_ETOH_E10_LD,0.0,0.0,0.0,0.0,0.0,0.0,0.0
0,SUV_ETOH_E10_MD,0.0,0.0,0.0,0.0,0.0,0.0,0.0
0,SUV_ETOH_E10_SD,0.0,0.0,0.0,0.0,0.0,0.0,0.0
0,SUV_ETOH_E85_ELD,0.0,0.0,0.0,0.0,0.0,0.0,0.0
0,SUV_ETOH_E85_LD,0.0,0.0,0.0,0.0,0.0,0.0,0.0
0,SUV_ETOH_E85_MD,0.0,0.0,0.0,0.0,0.0,0.0,0.0
0,SUV_ETOH_E85_SD,0.0,0.0,0.0,0.0,0.0,0.0,0.0
0,SUV_EV_ELD,0.0,0.0,0.0,0.0,0.0,0.0,0.0
0,SUV_EV_LD,0.0,0.0,0.0,0.0,0.0,0.0,0.0
0,SUV_EV_MD,0.0,0.0,0.0,0.0,0.0,0.0,0.0
0,SUV_EV_SD,0.0,0.0,0.0,0.0,0.0,0.0,0.0
0,SUV_FC_H2_ELD,0.0,0.0,0.0,0.0,0.0,0.0,0.0
0,SUV_FC_H2_LD,5.611926937003721e-12,3.2138921652341375e-07,2.6254973072934277e-12,3.4553411789815875e-07,1.1160788585173249e-17,9.945440776884331e-18,1.0134410680798696e-17
0,SUV_FC_H2_MD,0.0,0.0,0.0,0.0,0.0,0.0,0.0
0,SUV_FC_H2_SD,0.0,0.0,0.0,0.0,0.0,0.0,0.0
0,SUV_GASOLINE_ELD,0.0,0.0,0.0,0.0,0.0,0.0,0.0
0,SUV_GASOLINE_LD,1.728916363883842e-14,2.2602314818698188e-09,1.8402906768336123e-14,2.0965547818686345e-09,7.849039241447024e-20,6.971061020652409e-20,6.149131467391426e-20
0,SUV_GASOLINE_MD,0.0,0.0,0.0,0.0,0.0,0.0,0.0
0,SUV_GASOLINE_SD,0.0,0.0,0.0,0.0,0.0,0.0,0.0
0,SUV_HY_GASOLINE_ELD,0.0,0.0,0.0,0.0,0.0,0.0,0.0
0,SUV_HY_GASOLINE_LD,0.0,0.0,0.0,0.0,0.0,0.0,0.0
0,SUV_HY_GASOLINE_MD,0.0,0.0,0.0,0.0,0.0,0.0,0.0
0,SUV_HY_GASOLINE_SD,0.0,0.0,0.0,0.0,0.0,0.0,0.0
0,SUV_PHEV_GASOLINE_ELD,0.0,0.0,0.0,0.0,0.0,0.0,0.0
0,SUV_PHEV_GASOLINE_LD,0.0,0.0,0.0,0.0,0.0,0.0,0.0
0,SUV_PHEV_GASOLINE_MD,0.0,0.0,0.0,0.0,0.0,0.0,0.0
0,SUV_PHEV_GASOLINE_SD,0.0,0.0,0.0,0.0,0.0,0.0,0.0
0,SUV_PROPANE_ELD,0.0,0.0,0.0,0.0,0.0,0.0,0.0
0,SUV_PROPANE_LD,0.0,0.0,0.0,0.0,0.0,0.0,0.0
0,SUV_PROPANE_MD,0.0,0.0,0.0,0.0,0.0,0.0,0.0
0,SUV_PROPANE_SD,0.0,0.0,0.0,0.0,0.0,0.0,0.0
0,TIDAL,0.0,0.0,0.0,0.0,0.0,0.0,0.0
0,TRAFO_EH,141501.9458906449,0.0,0.0,0.0,0.0,0.0,0.0
0,TRAFO_HE,0.0,0.0,0.0,0.0,0.0,0.0,0.0
0,TRAFO_HM,27484.457887492666,0.0,0.0,0.0,0.0,0.0,0.0
0,TRAFO_LM,9872.951794312148,0.0,0.0,0.0,0.0,0.0,0.0
0,TRAFO_MH,0.0,0.0,0.0,0.0,0.0,0.0,0.0
0,TRAFO_ML,1733.123905408829,0.0,0.0,0.0,0.0,0.0,0.0
0,TRAIN_DIESEL_ELD,0.0,0.0,0.0,0.0,0.0,0.0,0.0
0,TRAIN_DIESEL_LD,0.0,0.0,0.0,0.0,0.0,0.0,0.0
0,TRAIN_ELEC_ELD,0.0,0.0,0.0,0.0,0.0,0.0,0.0
0,TRAIN_ELEC_LD,0.0,0.0,0.0,0.0,0.0,0.0,0.0
0,TRAIN_FREIGHT_DIESEL_ELD,0.0,0.0,0.0,0.0,0.0,0.0,0.0
0,TRAIN_FREIGHT_DIESEL_LD,0.0,0.0,0.0,0.0,0.0,0.0,0.0
0,TRAIN_FREIGHT_ELEC_ELD,0.0,0.0,0.0,0.0,0.0,0.0,0.0
0,TRAIN_FREIGHT_ELEC_LD,0.0,0.0,0.0,0.0,0.0,0.0,0.0
0,TRAIN_FREIGHT_H2_ELD,0.0,0.0,0.0,0.0,0.0,0.0,0.0
0,TRAIN_FREIGHT_H2_HYBRID_ELD,23305.347,355235615.0930746,4758.851959547712,426164629.62838405,0.01233616249127932,0.018026634496316474,0.012499279088722167
0,TRAIN_FREIGHT_H2_HYBRID_LD,7877.373400000008,120072169.92164189,1608.525882093884,144046682.39676875,0.004169710850770922,0.0060931309485675504,0.004224845423356122
0,TRAIN_FREIGHT_H2_LD,0.0,0.0,0.0,0.0,0.0,0.0,0.0
0,TRAIN_FREIGHT_NG_ELD,0.0,0.0,0.0,0.0,0.0,0.0,0.0
0,TRAIN_FREIGHT_NG_LD,0.0,0.0,0.0,0.0,0.0,0.0,0.0
0,TRAIN_H2_ELD,0.0,0.0,0.0,0.0,0.0,0.0,0.0
0,TRAIN_H2_LD,29.904048,491497.25492304907,11.776007611308092,619737.2036223945,1.706808029132964e-05,4.460777238699129e-05,1.8176703863235437e-05
0,TRAIN_NG_ELD,0.0,0.0,0.0,0.0,0.0,0.0,0.0
0,TRAIN_NG_LD,0.0,0.0,0.0,0.0,0.0,0.0,0.0
0,TRAMWAY_SD,1346.5993671,28475825.127827037,232.1059688862477,28400258.139077693,0.0009888715852944257,0.0008792224471558163,0.00083297094125721
0,TRUCK_LH_BIODIESEL_B100_LD,0.0,0.0,0.0,0.0,0.0,0.0,0.0
0,TRUCK_LH_BIODIESEL_B20_LD,0.0,0.0,0.0,0.0,0.0,0.0,0.0
0,TRUCK_LH_CNG_LD,0.0,0.0,0.0,0.0,0.0,0.0,0.0
0,TRUCK_LH_DIESEL_LD,0.0,0.0,0.0,0.0,0.0,0.0,0.0
0,TRUCK_LH_EV_LD,0.0,0.0,0.0,0.0,0.0,0.0,0.0
0,TRUCK_LH_GASOLINE_LD,0.0,0.0,0.0,0.0,0.0,0.0,0.0
0,TRUCK_LH_HY_DIESEL_LD,0.0,0.0,0.0,0.0,0.0,0.0,0.0
0,TRUCK_LH_PROPANE_LD,0.0,0.0,0.0,0.0,0.0,0.0,0.0
0,TRUCK_SH_BIODIESEL_B100_MD,0.0,0.0,0.0,0.0,0.0,0.0,0.0
0,TRUCK_SH_BIODIESEL_B100_SD,0.0,0.0,0.0,0.0,0.0,0.0,0.0
0,TRUCK_SH_BIODIESEL_B20_MD,0.0,0.0,0.0,0.0,0.0,0.0,0.0
0,TRUCK_SH_BIODIESEL_B20_SD,0.0,0.0,0.0,0.0,0.0,0.0,0.0
0,TRUCK_SH_CNG_MD,0.0,0.0,0.0,0.0,0.0,0.0,0.0
0,TRUCK_SH_CNG_SD,0.0,0.0,0.0,0.0,0.0,0.0,0.0
0,TRUCK_SH_DIESEL_MD,0.0,0.0,0.0,0.0,0.0,0.0,0.0
0,TRUCK_SH_DIESEL_SD,0.0,0.0,0.0,0.0,0.0,0.0,0.0
0,TRUCK_SH_EV_MD,0.0,0.0,0.0,0.0,0.0,0.0,0.0
0,TRUCK_SH_EV_SD,4.096781453446734e-13,1.2312173642212905e-08,1.0454137439683452e-13,1.5690580018762005e-08,4.2756122477018425e-19,3.960049949049941e-19,4.601999440672762e-19
0,TRUCK_SH_GASOLINE_MD,2.2762592395039454e-12,4.42379015849042e-07,5.0352640385481715e-12,3.7849965913622433e-07,1.536236568176354e-17,1.9073689450087678e-17,1.1101279988100583e-17
0,TRUCK_SH_GASOLINE_SD,0.0,0.0,0.0,0.0,0.0,0.0,0.0
0,TRUCK_SH_HY_DIESEL_MD,0.0,0.0,0.0,0.0,0.0,0.0,0.0
0,TRUCK_SH_HY_DIESEL_SD,0.0,0.0,0.0,0.0,0.0,0.0,0.0
0,TRUCK_SH_PROPANE_MD,0.0,0.0,0.0,0.0,0.0,0.0,0.0
0,TRUCK_SH_PROPANE_SD,0.0,0.0,0.0,0.0,0.0,0.0,0.0
0,UNMINEABLE_COAL_SEAM,0.0,0.0,0.0,0.0,0.0,0.0,0.0
0,WIND_OFFSHORE,0.0,0.0,0.0,0.0,0.0,0.0,0.0
0,WIND_ONSHORE,12481.1112,1514248.227890154,10.909122303781887,1224065.9349635544,5.258485184963897e-05,4.132399202949368e-05,3.5901481916621444e-05
0,WOOD_METHANOL,0.0,0.0,0.0,0.0,0.0,0.0,0.0
