Name,Flow,Comment,ESM efficiency,LCA input unit,LCA input product,LCA input quantity,Output conversion factor,LCA output unit,ESM output unit,Input conversion factor,LCA efficiency,efficiency_ratio
AN_DIG,['WET_BIOMASS'],,0.29886431560071725,kilogram,manure,37.18543446531983,0.10047827659659983,cubic meter,kilowatt hour,0.25263157894736843,0.06761492940631597,0.22623955379353325
AN_DIG_SI,['WET_BIOMASS'],,0.12950012950012948,kilogram,manure,37.18543446531983,0.25119569149149956,cubic meter,kilowatt hour,0.25263157894736843,0.02704597176252639,0.20884899395022882
ATR,['NG_HP'],,0.648508430609598,cubic meter,natural gas,4.356143282451772,0.030030030030030033,kilogram,kilowatt hour,0.09824437305353337,0.7510169915350762,1.1580682009470875
ATR_CCS,['NG_HP'],,0.6317119393556538,cubic meter,natural gas,4.356155634155141,0.030030030030030033,kilogram,kilowatt hour,0.09824437305353337,0.7510148620567277,1.1888565266358
BIOMASS_GAS_EF_H2,['WOOD'],,0.4746084480303749,kilogram,wood chips,11.6966,0.030030030030030033,kilogram,kilowatt hour,0.2336448598130841,0.6651825172935468,1.4015395639375032
BIOMASS_GAS_EF_H2_CCS,['WOOD'],,0.41288191577208916,kilogram,wood chips,11.6966,0.030030030030030033,kilogram,kilowatt hour,0.2336448598130841,0.6651825172935468,1.6110720568849706
BIOMASS_GAS_FB_H2,['WOOD'],,0.3756574004507889,kilogram,wood chips,11.6966,0.030030030030030033,kilogram,kilowatt hour,0.2336448598130841,0.6651825172935468,1.7707158610354217
BIOMASS_GAS_FB_H2_CCS,['WOOD'],,0.32679738562091504,kilogram,wood chips,11.6966,0.030030030030030033,kilogram,kilowatt hour,0.2336448598130841,0.6651825172935468,2.0354585029182535
BUS_BIODIESEL_B100_SD,['BIO_DIESEL'],,2.557544757033248,kilogram,diesel,0.03191671691845631,1.0,person kilometer,person kilometer,0.08453085376162299,2.6484821097856024,1.0355565049261706
BUS_BIODIESEL_B20_SD,"['BIO_DIESEL', 'DIESEL']","Diesel input accepted, fossil carbon emissions turned into biogenic carbon flows accordingly",2.557544757033248,kilogram,diesel,0.06383343383691262,1.0,person kilometer,person kilometer,0.08453085376162299,1.3242410548928012,0.5177782524630853
BUS_CNG_SD,['NG_HP'],,2.1834061135371177,kilogram,natural gas,0.02972768681869001,1.0,person kilometer,person kilometer,0.07633587786259542,2.567837798082645,1.1760697115218515
BUS_DIESEL_SD,['DIESEL'],,2.557544757033248,kilogram,diesel,0.03191671691845631,1.0,person kilometer,person kilometer,0.08453085376162299,2.6484821097856024,1.0355565049261706
BUS_GASOLINE_SD,['GASOLINE'],,2.1186440677966103,kilogram,diesel,0.03191671691845631,1.0,person kilometer,person kilometer,0.08453085376162299,2.6484821097856024,1.2500835558188041
BUS_HY_DIESEL_SD,['DIESEL'],,3.558718861209964,kilogram,diesel,0.02948408971897853,1.0,person kilometer,person kilometer,0.08453085376162299,2.8669989328926633,0.8056267001428384
BUS_PROPANE_SD,"['PROPANE', 'TRANSPORT_FUEL']","Natural gas input accepted, direct emissions adjusted accordingly",2.1186440677966103,kilogram,natural gas,0.02972768681869001,1.0,person kilometer,person kilometer,0.07633587786259542,2.567837798082645,1.2120194406950082
CAR_BIODIESEL_B100_ELD,['BIO_DIESEL'],,2.2675736961451247,kilogram,diesel,0.05007908371766449,0.8130081300813008,kilometer,person kilometer,0.08453085376162299,2.076175169517363,0.9155932497571571
CAR_BIODIESEL_B100_LD,['BIO_DIESEL'],,2.2675736961451247,kilogram,diesel,0.05007908371766449,0.8130081300813008,kilometer,person kilometer,0.08453085376162299,2.076175169517363,0.9155932497571571
CAR_BIODIESEL_B100_MD,['BIO_DIESEL'],,2.2675736961451247,kilogram,diesel,0.05007908371766449,0.8130081300813008,kilometer,person kilometer,0.08453085376162299,2.076175169517363,0.9155932497571571
CAR_BIODIESEL_B100_SD,['BIO_DIESEL'],,2.2675736961451247,kilogram,diesel,0.05007908371766449,0.8130081300813008,kilometer,person kilometer,0.08453085376162299,2.076175169517363,0.9155932497571571
CAR_BIODIESEL_B20_ELD,"['BIO_DIESEL', 'DIESEL']","Diesel input accepted, fossil carbon emissions turned into biogenic carbon flows accordingly",2.267573696145125,kilogram,diesel,0.10015816743532897,0.8130081300813008,kilometer,person kilometer,0.08453085376162299,1.0380875847586815,0.4577966248785784
CAR_BIODIESEL_B20_LD,"['BIO_DIESEL', 'DIESEL']","Diesel input accepted, fossil carbon emissions turned into biogenic carbon flows accordingly",2.267573696145125,kilogram,diesel,0.10015816743532897,0.8130081300813008,kilometer,person kilometer,0.08453085376162299,1.0380875847586815,0.4577966248785784
CAR_BIODIESEL_B20_MD,"['BIO_DIESEL', 'DIESEL']","Diesel input accepted, fossil carbon emissions turned into biogenic carbon flows accordingly",2.267573696145125,kilogram,diesel,0.10015816743532897,0.8130081300813008,kilometer,person kilometer,0.08453085376162299,1.0380875847586815,0.4577966248785784
CAR_BIODIESEL_B20_SD,"['BIO_DIESEL', 'DIESEL']","Diesel input accepted, fossil carbon emissions turned into biogenic carbon flows accordingly",2.267573696145125,kilogram,diesel,0.10015816743532897,0.8130081300813008,kilometer,person kilometer,0.08453085376162299,1.0380875847586815,0.4577966248785784
CAR_CNG_ELD,['NG_HP'],,1.669449081803005,kilogram,natural gas,0.05003249130028618,0.8130081300813008,kilometer,person kilometer,0.07633587786259542,1.8766431039274531,1.1241092192525444
CAR_CNG_LD,['NG_HP'],,1.669449081803005,kilogram,natural gas,0.05003249130028618,0.8130081300813008,kilometer,person kilometer,0.07633587786259542,1.8766431039274531,1.1241092192525444
CAR_CNG_MD,['NG_HP'],,1.669449081803005,kilogram,natural gas,0.05003249130028618,0.8130081300813008,kilometer,person kilometer,0.07633587786259542,1.8766431039274531,1.1241092192525444
CAR_CNG_SD,['NG_HP'],,1.669449081803005,kilogram,natural gas,0.05003249130028618,0.8130081300813008,kilometer,person kilometer,0.07633587786259542,1.8766431039274531,1.1241092192525444
CAR_DIESEL_ELD,['DIESEL'],,2.2675736961451247,kilogram,diesel,0.05007908371766449,0.8130081300813008,kilometer,person kilometer,0.08453085376162299,2.076175169517363,0.9155932497571571
CAR_DIESEL_LD,['DIESEL'],,2.2675736961451247,kilogram,diesel,0.05007908371766449,0.8130081300813008,kilometer,person kilometer,0.08453085376162299,2.076175169517363,0.9155932497571571
CAR_DIESEL_MD,['DIESEL'],,2.2675736961451247,kilogram,diesel,0.05007908371766449,0.8130081300813008,kilometer,person kilometer,0.08453085376162299,2.076175169517363,0.9155932497571571
CAR_DIESEL_SD,['DIESEL'],,2.2675736961451247,kilogram,diesel,0.05007908371766449,0.8130081300813008,kilometer,person kilometer,0.08453085376162299,2.076175169517363,0.9155932497571571
CAR_ETOH_E10_ELD,['GASOLINE'],,2.100840336134454,kilogram,petrol,0.05794140146871106,0.8130081300813008,kilometer,person kilometer,0.08291873963515754,1.7602275258447007,0.8378683023020774
CAR_ETOH_E10_LD,['GASOLINE'],,2.100840336134454,kilogram,petrol,0.05794140146871106,0.8130081300813008,kilometer,person kilometer,0.08291873963515754,1.7602275258447007,0.8378683023020774
CAR_ETOH_E10_MD,['GASOLINE'],,2.100840336134454,kilogram,petrol,0.05794140146871106,0.8130081300813008,kilometer,person kilometer,0.08291873963515754,1.7602275258447007,0.8378683023020774
CAR_ETOH_E10_SD,['GASOLINE'],,2.100840336134454,kilogram,petrol,0.05794140146871106,0.8130081300813008,kilometer,person kilometer,0.08291873963515754,1.7602275258447007,0.8378683023020774
CAR_ETOH_E85_ELD,['GASOLINE'],,12.658227848101266,kilogram,petrol,0.05794140146871106,0.8130081300813008,kilometer,person kilometer,0.08291873963515754,1.7602275258447007,0.13905797454173136
CAR_ETOH_E85_LD,['GASOLINE'],,12.658227848101266,kilogram,petrol,0.05794140146871106,0.8130081300813008,kilometer,person kilometer,0.08291873963515754,1.7602275258447007,0.13905797454173136
CAR_ETOH_E85_MD,['GASOLINE'],,12.658227848101266,kilogram,petrol,0.05794140146871106,0.8130081300813008,kilometer,person kilometer,0.08291873963515754,1.7602275258447007,0.13905797454173136
CAR_ETOH_E85_SD,['GASOLINE'],,12.658227848101266,kilogram,petrol,0.05794140146871106,0.8130081300813008,kilometer,person kilometer,0.08291873963515754,1.7602275258447007,0.13905797454173136
CAR_GASOLINE_ELD,['GASOLINE'],,1.8903591682419658,kilogram,petrol,0.05794140146871106,0.8130081300813008,kilometer,person kilometer,0.08291873963515754,1.7602275258447007,0.9311603611718468
CAR_GASOLINE_LD,['GASOLINE'],,1.8903591682419658,kilogram,petrol,0.05794140146871106,0.8130081300813008,kilometer,person kilometer,0.08291873963515754,1.7602275258447007,0.9311603611718468
CAR_GASOLINE_MD,['GASOLINE'],,1.8903591682419658,kilogram,petrol,0.05794140146871106,0.8130081300813008,kilometer,person kilometer,0.08291873963515754,1.7602275258447007,0.9311603611718468
CAR_GASOLINE_SD,['GASOLINE'],,1.8903591682419658,kilogram,petrol,0.05794140146871106,0.8130081300813008,kilometer,person kilometer,0.08291873963515754,1.7602275258447007,0.9311603611718468
CAR_HEV_ELD,['GASOLINE'],,2.6246719160104988,kilogram,petrol,0.05181572796301888,0.8130081300813008,kilometer,person kilometer,0.08291873963515754,1.9683222403829692,0.7499307735859112
CAR_HEV_LD,['GASOLINE'],,2.6246719160104988,kilogram,petrol,0.05181572796301888,0.8130081300813008,kilometer,person kilometer,0.08291873963515754,1.9683222403829692,0.7499307735859112
CAR_HEV_MD,['GASOLINE'],,2.6246719160104988,kilogram,petrol,0.05181572796301888,0.8130081300813008,kilometer,person kilometer,0.08291873963515754,1.9683222403829692,0.7499307735859112
CAR_HEV_SD,['GASOLINE'],,2.6246719160104988,kilogram,petrol,0.05181572796301888,0.8130081300813008,kilometer,person kilometer,0.08291873963515754,1.9683222403829692,0.7499307735859112
CAR_MEOH_ELD,['GASOLINE'],,2.564102564102564,kilogram,petrol,0.05794140146871106,0.6666666666666666,kilometer,person kilometer,0.08291873963515754,2.1466189339569524,0.8371813842432115
CAR_MEOH_LD,['GASOLINE'],,2.564102564102564,kilogram,petrol,0.05794140146871106,0.6666666666666666,kilometer,person kilometer,0.08291873963515754,2.1466189339569524,0.8371813842432115
CAR_MEOH_MD,['GASOLINE'],,2.564102564102564,kilogram,petrol,0.05794140146871106,0.6666666666666666,kilometer,person kilometer,0.08291873963515754,2.1466189339569524,0.8371813842432115
CAR_MEOH_SD,['GASOLINE'],,2.564102564102564,kilogram,petrol,0.05794140146871106,0.6666666666666666,kilometer,person kilometer,0.08291873963515754,2.1466189339569524,0.8371813842432115
CAR_PHEV_ELD,['GASOLINE'],,4.504504504504505,kilogram,petrol,0.02698039954796603,0.8130081300813008,kilometer,person kilometer,0.08291873963515754,3.780153424708364,0.8391940602852568
CAR_PHEV_LD,['GASOLINE'],,4.504504504504505,kilogram,petrol,0.02698039954796603,0.8130081300813008,kilometer,person kilometer,0.08291873963515754,3.780153424708364,0.8391940602852568
CAR_PHEV_MD,['GASOLINE'],,4.504504504504505,kilogram,petrol,0.02698039954796603,0.8130081300813008,kilometer,person kilometer,0.08291873963515754,3.780153424708364,0.8391940602852568
CAR_PHEV_SD,['GASOLINE'],,4.504504504504505,kilogram,petrol,0.02698039954796603,0.8130081300813008,kilometer,person kilometer,0.08291873963515754,3.780153424708364,0.8391940602852568
CAR_PROPANE_ELD,"['PROPANE', 'TRANSPORT_FUEL']","Natural gas input accepted, direct emissions adjusted accordingly",1.8903591682419658,kilogram,natural gas,0.05003249130028618,0.8130081300813008,kilometer,person kilometer,0.07633587786259542,1.8766431039274531,0.9927442019776228
CAR_PROPANE_LD,"['PROPANE', 'TRANSPORT_FUEL']","Natural gas input accepted, direct emissions adjusted accordingly",1.8903591682419658,kilogram,natural gas,0.05003249130028618,0.8130081300813008,kilometer,person kilometer,0.07633587786259542,1.8766431039274531,0.9927442019776228
CAR_PROPANE_MD,"['PROPANE', 'TRANSPORT_FUEL']","Natural gas input accepted, direct emissions adjusted accordingly",1.8903591682419658,kilogram,natural gas,0.05003249130028618,0.8130081300813008,kilometer,person kilometer,0.07633587786259542,1.8766431039274531,0.9927442019776228
CAR_PROPANE_SD,"['PROPANE', 'TRANSPORT_FUEL']","Natural gas input accepted, direct emissions adjusted accordingly",1.8903591682419658,kilogram,natural gas,0.05003249130028618,0.8130081300813008,kilometer,person kilometer,0.07633587786259542,1.8766431039274531,0.9927442019776228
CCGT,['NG_HP'],,0.630119722747322,cubic meter,natural gas,0.17062267180032373,1.0,kilowatt hour,kilowatt hour,0.09824437305353337,0.5757990542341687,0.9137930990696257
CCGT_CC,['NG_HP'],,0.5701254275940707,cubic meter,natural gas,0.19715029481797375,1.0,kilowatt hour,kilowatt hour,0.09824437305353337,0.49832222236462337,0.8740571780275493
COACH_BIODIESEL_B100_ELD,['BIO_DIESEL'],,8.19672131147541,kilogram,diesel,0.01015947259713386,1.0,person kilometer,person kilometer,0.08453085376162299,8.320397831032135,1.0150885353859207
COACH_BIODIESEL_B100_LD,['BIO_DIESEL'],,8.19672131147541,kilogram,diesel,0.01015947259713386,1.0,person kilometer,person kilometer,0.08453085376162299,8.320397831032135,1.0150885353859207
COACH_BIODIESEL_B100_MD,['BIO_DIESEL'],,8.19672131147541,kilogram,diesel,0.01015947259713386,1.0,person kilometer,person kilometer,0.08453085376162299,8.320397831032135,1.0150885353859207
COACH_BIODIESEL_B20_ELD,"['BIO_DIESEL', 'DIESEL']","Diesel input accepted, fossil carbon emissions turned into biogenic carbon flows accordingly",8.264462809917356,kilogram,diesel,0.02031894519426772,1.0,person kilometer,person kilometer,0.08453085376162299,4.160198915516068,0.5033840687774441
COACH_BIODIESEL_B20_LD,"['BIO_DIESEL', 'DIESEL']","Diesel input accepted, fossil carbon emissions turned into biogenic carbon flows accordingly",8.264462809917356,kilogram,diesel,0.02031894519426772,1.0,person kilometer,person kilometer,0.08453085376162299,4.160198915516068,0.5033840687774441
COACH_BIODIESEL_B20_MD,"['BIO_DIESEL', 'DIESEL']","Diesel input accepted, fossil carbon emissions turned into biogenic carbon flows accordingly",8.264462809917356,kilogram,diesel,0.02031894519426772,1.0,person kilometer,person kilometer,0.08453085376162299,4.160198915516068,0.5033840687774441
COACH_CNG_ELD,['NG_HP'],,9.090909090909092,kilogram,natural gas,0.01206460801309599,1.0,person kilometer,person kilometer,0.07633587786259542,6.327257195570193,0.6959982915127212
COACH_CNG_LD,['NG_HP'],,9.090909090909092,kilogram,natural gas,0.01206460801309599,1.0,person kilometer,person kilometer,0.07633587786259542,6.327257195570193,0.6959982915127212
COACH_CNG_MD,['NG_HP'],,9.090909090909092,kilogram,natural gas,0.01206460801309599,1.0,person kilometer,person kilometer,0.07633587786259542,6.327257195570193,0.6959982915127212
COACH_DIESEL_ELD,['DIESEL'],,8.19672131147541,kilogram,diesel,0.01015947259713386,1.0,person kilometer,person kilometer,0.08453085376162299,8.320397831032135,1.0150885353859207
COACH_DIESEL_LD,['DIESEL'],,8.19672131147541,kilogram,diesel,0.01015947259713386,1.0,person kilometer,person kilometer,0.08453085376162299,8.320397831032135,1.0150885353859207
COACH_DIESEL_MD,['DIESEL'],,8.19672131147541,kilogram,diesel,0.01015947259713386,1.0,person kilometer,person kilometer,0.08453085376162299,8.320397831032135,1.0150885353859207
COACH_ETOH_E10_ELD,['GASOLINE'],,6.756756756756757,kilogram,diesel,0.01015947259713386,1.0,person kilometer,person kilometer,0.08453085376162299,8.320397831032135,1.231418878992756
COACH_ETOH_E10_LD,['GASOLINE'],,6.756756756756757,kilogram,diesel,0.01015947259713386,1.0,person kilometer,person kilometer,0.08453085376162299,8.320397831032135,1.231418878992756
COACH_ETOH_E10_MD,['GASOLINE'],,6.756756756756757,kilogram,diesel,0.01015947259713386,1.0,person kilometer,person kilometer,0.08453085376162299,8.320397831032135,1.231418878992756
COACH_GASOLINE_ELD,['GASOLINE'],,6.0606060606060606,kilogram,diesel,0.01015947259713386,1.0,person kilometer,person kilometer,0.08453085376162299,8.320397831032135,1.3728656421203023
COACH_GASOLINE_LD,['GASOLINE'],,6.0606060606060606,kilogram,diesel,0.01015947259713386,1.0,person kilometer,person kilometer,0.08453085376162299,8.320397831032135,1.3728656421203023
COACH_GASOLINE_MD,['GASOLINE'],,6.0606060606060606,kilogram,diesel,0.01015947259713386,1.0,person kilometer,person kilometer,0.08453085376162299,8.320397831032135,1.3728656421203023
COACH_HY_DIESEL_ELD,['DIESEL'],,5.46448087431694,kilogram,diesel,0.00937062744408301,1.0,person kilometer,person kilometer,0.08453085376162299,9.020831770982333,1.650812214089767
COACH_HY_DIESEL_LD,['DIESEL'],,5.46448087431694,kilogram,diesel,0.00937062744408301,1.0,person kilometer,person kilometer,0.08453085376162299,9.020831770982333,1.650812214089767
COACH_HY_DIESEL_MD,['DIESEL'],,5.46448087431694,kilogram,diesel,0.00937062744408301,1.0,person kilometer,person kilometer,0.08453085376162299,9.020831770982333,1.650812214089767
COACH_PROPANE_ELD,"['PROPANE', 'TRANSPORT_FUEL']","Natural gas input accepted, direct emissions adjusted accordingly",6.0606060606060606,kilogram,natural gas,0.01206460801309599,1.0,person kilometer,person kilometer,0.07633587786259542,6.327257195570193,1.043997437269082
COACH_PROPANE_LD,"['PROPANE', 'TRANSPORT_FUEL']","Natural gas input accepted, direct emissions adjusted accordingly",6.0606060606060606,kilogram,natural gas,0.01206460801309599,1.0,person kilometer,person kilometer,0.07633587786259542,6.327257195570193,1.043997437269082
COACH_PROPANE_MD,"['PROPANE', 'TRANSPORT_FUEL']","Natural gas input accepted, direct emissions adjusted accordingly",6.0606060606060606,kilogram,natural gas,0.01206460801309599,1.0,person kilometer,person kilometer,0.07633587786259542,6.327257195570193,1.043997437269082
COAL_GAS_H2,['COAL'],,0.6116207951070336,kilogram,hard coal,6.1770594959214495,0.030030030030030033,kilogram,kilowatt hour,0.11618450098756827,0.6263407184989209,1.0240670747457359
COAL_GAS_H2_ADV,['COAL'],,0.3287310979618672,kilogram,hard coal,6.1770594959214495,0.030030030030030033,kilogram,kilowatt hour,0.11618450098756827,0.6263407184989209,1.9053284656737173
COAL_GAS_H2_ADV_CCS,['COAL'],,0.3402517863218782,kilogram,hard coal,6.771,0.030030030030030033,kilogram,kilowatt hour,0.11618450098756827,0.571399185184762,1.6793422052580154
COAL_GAS_H2_CCS,['COAL'],,0.5543237250554324,kilogram,hard coal,6.771,0.030030030030030033,kilogram,kilowatt hour,0.11618450098756827,0.571399185184762,1.0308041300733106
COAL_IGCC,['COAL'],,0.48426150121065376,kilogram,hard coal,0.24793388429752067,1.0,kilowatt hour,kilowatt hour,0.11618450098756827,0.4686108206498587,0.9676813446419582
COAL_IGCC_CC,['COAL'],,0.38759689922480617,kilogram,hard coal,0.3030303030303031,1.0,kilowatt hour,kilowatt hour,0.11618450098756827,0.3834088532589752,0.9891948414081562
COAL_US,['COAL'],,0.5154639175257733,kilogram,lignite,0.9623095429029672,1.0,kilowatt hour,kilowatt hour,0.2705993776214315,0.2811978532449375,0.5455238352951787
COAL_US_CC,['COAL'],,0.5037783375314862,kilogram,lignite,1.2539184952978057,1.0,kilowatt hour,kilowatt hour,0.2705993776214315,0.2158030036530916,0.4283689622513868
DEC_BOILER_GAS,['NG_LP'],,0.9009009009009008,cubic meter,natural gas,0.0288888888888889,3.6,megajoule,kilowatt hour,0.09824437305353337,0.9446574332070512,1.0485697508598268
DEC_BOILER_OIL,['LFO'],,0.8474576271186441,kilogram,light fuel oil,0.02342,3.6,megajoule,kilowatt hour,0.08865248226950355,1.0514811921138574,1.2407478066943516
DEC_BOILER_WOOD,['WOOD'],,0.8474576271186441,kilogram,wood ash mixture,0.06988007054673724,3.6,megajoule,kilowatt hour,0.2336448598130841,0.9287533547160853,1.0959289585649805
DEC_COGEN_GAS,['NG_LP'],,0.4608294930875576,cubic meter,natural gas,0.010818223374630637,15.803336259877085,megajoule,kilowatt hour,0.09824437305353337,0.5746494032076536,1.2469892049606082
DEC_COGEN_OIL,['LFO'],,0.4291845493562232,kilogram,light fuel oil,0.02342,3.6,megajoule,kilowatt hour,0.08865248226950355,1.0514811921138574,2.449951177625288
DEC_COGEN_WOOD,['WOOD'],,0.5299417064122947,kilogram,wood ash mixture,0.06988007054673724,3.6,megajoule,kilowatt hour,0.2336448598130841,0.9287533547160853,1.752557580349253
DEC_THHP_GAS,['NG_LP'],,1.4925373134328357,cubic meter,natural gas,0.0210438888888889,3.6,megajoule,kilowatt hour,0.09824437305353337,1.2968184621232517,0.8688683696225787
DHN_BOILER_GAS,['NG_MP'],,0.9259259259259258,cubic meter,natural gas,0.0289351851851852,3.6,megajoule,kilowatt hour,0.09824437305353337,0.9431459813139199,1.0185976598190336
DHN_BOILER_OIL,['LFO'],,0.8695652173913044,kilogram,light fuel oil,0.0246526315789474,3.6,megajoule,kilowatt hour,0.08865248226950355,0.9989071325081633,1.1487432023843878
DHN_BOILER_WOOD,['WOOD'],,0.8620689655172414,kilogram,wood ash mixture,0.0655125661375661,3.6,megajoule,kilowatt hour,0.2336448598130841,0.9906702450304918,1.1491774842353704
DHN_COGEN_GAS,['NG_MP'],,0.4,cubic meter,natural gas,0.009535622922780018,22.00488997555012,megajoule,kilowatt hour,0.09824437305353337,0.46820863087452536,1.1705215771863133
DHN_COGEN_WOOD,['WOOD'],,0.5291005291005292,kilogram,wood ash mixture,0.039265274125881766,10.672991402312482,megajoule,kilowatt hour,0.2336448598130841,0.5575212659233005,1.0537151925950379
FT,['WOOD'],,0.532197977647685,kilogram,wood chips,3.3061729450149997,0.08453085376162299,kilogram,kilowatt hour,0.2336448598130841,0.8360175760788113,1.5708770254520865
GASIFICATION_H2,['WOOD'],,0.6134969325153374,kilogram,wood ash mixture,10.284599713845388,0.030030030030030033,kilogram,kilowatt hour,0.2336448598130841,0.7565072096390454,1.2331067517116439
GASIFICATION_SNG,['WOOD'],,0.7401924500370096,kilogram,wood chips,1.462075,0.1506276150627615,kilogram,kilowatt hour,0.2336448598130841,1.060918395950335,1.4333007529289026
H2_NG_CCGT,['NG_MP'],,0.8333333333333334,cubic meter,natural gas,0.17062267180032373,1.0,kilowatt hour,kilowatt hour,0.09824437305353337,0.5757990542341687,0.6909588650810023
H2_NG_CCGT_CCS,['NG_MP'],,0.7547169811320755,cubic meter,natural gas,0.19715029481797375,1.0,kilowatt hour,kilowatt hour,0.09824437305353337,0.49832222236462337,0.6602769446331259
HYDRO_GAS,['WET_BIOMASS'],,0.42372881355932207,kilogram,wood chips,1.462075,0.1506276150627615,kilogram,kilowatt hour,0.2336448598130841,1.060918395950335,2.50376741444279
HYDRO_GAS_CHP,['WET_BIOMASS'],,0.25400050800101603,kilogram,wood chips,1.462075,0.37656903765690375,kilogram,kilowatt hour,0.2336448598130841,0.42436735838013406,1.6707342899425877
IND_BOILER_COAL,['COAL'],,0.819672131147541,kilogram,hard coal,0.04325,3.6,megajoule,kilowatt hour,0.11618450098756827,0.7462074565675547,0.9103730970124168
IND_BOILER_GAS,['NG_MP'],,0.9803921568627451,cubic meter,natural gas,0.0292397660818713,3.6,megajoule,kilowatt hour,0.09824437305353337,0.9333215440085685,0.9519879748887399
IND_BOILER_OIL,['LFO'],,0.8726003490401397,kilogram,heavy fuel oil,0.0259263157894737,3.6,megajoule,kilowatt hour,0.09233610341643582,0.9893005170480216,1.1337383925370326
IND_BOILER_WOOD,['WOOD'],,0.8643042350907519,kilogram,wood ash mixture,0.06988007054673724,3.6,megajoule,kilowatt hour,0.2336448598130841,0.9287533547160853,1.0745676314065107
IND_COGEN_GAS,['NG_MP'],,0.45998160073597055,cubic meter,natural gas,0.009535622922780018,22.00488997555012,megajoule,kilowatt hour,0.09824437305353337,0.46820863087452536,1.017885563521218
IND_COGEN_WOOD,['WOOD'],,0.5299417064122947,kilogram,wood ash mixture,0.039265274125881766,10.672991402312482,megajoule,kilowatt hour,0.2336448598130841,0.5575212659233005,1.0520426287972682
LCV_BIODIESEL_B100_MD,['BIO_DIESEL'],,0.7961783439490446,kilogram,diesel,0.046430282294750214,1.3333333333333333,kilometer,ton kilometer,0.08453085376162299,1.3654480909409754,1.715002802221865
LCV_BIODIESEL_B100_SD,['BIO_DIESEL'],,0.7961783439490446,kilogram,diesel,0.046430282294750214,1.3333333333333333,kilometer,ton kilometer,0.08453085376162299,1.3654480909409754,1.715002802221865
LCV_BIODIESEL_B20_MD,"['BIO_DIESEL', 'DIESEL']","Diesel input accepted, fossil carbon emissions turned into biogenic carbon flows accordingly",0.7961783439490447,kilogram,diesel,0.09286056458950043,1.3333333333333333,kilometer,ton kilometer,0.08453085376162299,0.6827240454704877,0.8575014011109324
LCV_BIODIESEL_B20_SD,"['BIO_DIESEL', 'DIESEL']","Diesel input accepted, fossil carbon emissions turned into biogenic carbon flows accordingly",0.7961783439490447,kilogram,diesel,0.09286056458950043,1.3333333333333333,kilometer,ton kilometer,0.08453085376162299,0.6827240454704877,0.8575014011109324
LCV_DIESEL_MD,['DIESEL'],,0.7961783439490446,kilogram,diesel,0.046430282294750214,1.3333333333333333,kilometer,ton kilometer,0.08453085376162299,1.3654480909409754,1.715002802221865
LCV_DIESEL_SD,['DIESEL'],,0.7961783439490446,kilogram,diesel,0.046430282294750214,1.3333333333333333,kilometer,ton kilometer,0.08453085376162299,1.3654480909409754,1.715002802221865
LCV_GASOLINE_MD,['GASOLINE'],,0.6540222367560498,kilogram,diesel,0.046430282294750214,1.3333333333333333,kilometer,ton kilometer,0.08453085376162299,1.3654480909409754,2.0877701310487513
LCV_GASOLINE_SD,['GASOLINE'],,0.6540222367560498,kilogram,diesel,0.046430282294750214,1.3333333333333333,kilometer,ton kilometer,0.08453085376162299,1.3654480909409754,2.0877701310487513
LCV_PHEV_DIESEL_MD,['DIESEL'],,3.5211267605633805,kilogram,diesel,0.03036314807832241,1.3333333333333333,kilometer,ton kilometer,0.08453085376162299,2.087996282785973,0.5929909443112162
LCV_PHEV_DIESEL_SD,['DIESEL'],,3.5211267605633805,kilogram,diesel,0.03036314807832241,1.3333333333333333,kilometer,ton kilometer,0.08453085376162299,2.087996282785973,0.5929909443112162
METHANATION,['H2_MP'],,0.7800312012480499,kilogram,hydrogen,0.498186889818689,0.07633587786259542,kilogram,kilowatt hour,0.030030030030030033,0.7896502325393703,1.0123315981154728
NG_PYROLYSIS_PLASMA,['NG_MP'],,0.5356186395286556,cubic meter,natural gas,5.67,0.030030030030030033,kilogram,kilowatt hour,0.09824437305353337,0.5769907623778944,1.0772417533595287
NG_PYROLYSIS_THERMAL,['NG_MP'],,0.5257623554153523,cubic meter,natural gas,5.67,0.030030030030030033,kilogram,kilowatt hour,0.09824437305353337,0.5769907623778944,1.097436430042755
NG_REFORMING,['NG_MP'],,0.7326007326007326,cubic meter,natural gas,4.249188189123408,0.030030030030030033,kilogram,kilowatt hour,0.09824437305353337,0.7699206241457541,1.0509416519589545
NUCLEAR,['URANIUM'],,0.37037037037037035,kilogram,nuclear fuel element,2.46e-06,1.0,kilowatt hour,kilowatt hour,9.230769230769231e-07,0.37523452157598497,1.0131332082551594
PLANE_FREIGHT_ELD,['JETFUEL'],,0.30959752321981426,kilogram,kerosene,0.23290000000000002,1.0,ton kilometer,ton kilometer,0.08375209380234507,0.35960538343643217,1.161525388499676
PLANE_LH_ELD,['JETFUEL'],,2.6881720430107525,kilogram,kerosene,0.038419992,1.0,person kilometer,person kilometer,0.08375209380234507,2.1799091942118327,0.8109262202468018
PLANE_SH_LD,['JETFUEL'],,2.6881720430107525,kilogram,kerosene,0.026427471999999997,1.0,person kilometer,person kilometer,0.08375209380234507,3.169129979679671,1.1789163524408377
SCHOOLBUS_BIODIESEL_B100_SD,['BIO_DIESEL'],,16.129032258064516,kilogram,diesel,0.03185226128490668,1.0,person kilometer,person kilometer,0.08453085376162299,2.653841528095158,0.1645381747418998
SCHOOLBUS_BIODIESEL_B20_SD,"['BIO_DIESEL', 'DIESEL']","Diesel input accepted, fossil carbon emissions turned into biogenic carbon flows accordingly",16.129032258064516,kilogram,diesel,0.06370452256981336,1.0,person kilometer,person kilometer,0.08453085376162299,1.326920764047579,0.0822690873709499
SCHOOLBUS_CNG_SD,['NG_HP'],,13.513513513513514,kilogram,natural gas,0.02953187194764949,1.0,person kilometer,person kilometer,0.07633587786259542,2.5848641765044347,0.19127994906132817
SCHOOLBUS_DIESEL_SD,['DIESEL'],,16.129032258064516,kilogram,diesel,0.03185226128490668,1.0,person kilometer,person kilometer,0.08453085376162299,2.653841528095158,0.1645381747418998
SCHOOLBUS_ETOH_E10_SD,['GASOLINE'],,14.925373134328357,kilogram,diesel,0.03185226128490668,1.0,person kilometer,person kilometer,0.08453085376162299,2.653841528095158,0.17780738238237562
SCHOOLBUS_GASOLINE_SD,['GASOLINE'],,13.333333333333334,kilogram,diesel,0.03185226128490668,1.0,person kilometer,person kilometer,0.08453085376162299,2.653841528095158,0.19903811460713686
SCHOOLBUS_HY_DIESEL_SD,['DIESEL'],,21.73913043478261,kilogram,diesel,0.02909716885391968,1.0,person kilometer,person kilometer,0.08453085376162299,2.9051229755721004,0.13363565687631662
SCHOOLBUS_PROPANE_SD,"['PROPANE', 'TRANSPORT_FUEL']","Natural gas input accepted, direct emissions adjusted accordingly",13.333333333333334,kilogram,natural gas,0.02953187194764949,1.0,person kilometer,person kilometer,0.07633587786259542,2.5848641765044347,0.19386481323783258
SEMI_LH_BIODIESEL_B100_ELD,['BIO_DIESEL'],,3.058103975535168,kilogram,diesel,0.01800406021743652,1.0,ton kilometer,ton kilometer,0.08453085376162299,4.695099479824934,1.5352975299027536
SEMI_LH_BIODIESEL_B100_LD,['BIO_DIESEL'],,3.058103975535168,kilogram,diesel,0.01800406021743652,1.0,ton kilometer,ton kilometer,0.08453085376162299,4.695099479824934,1.5352975299027536
SEMI_LH_BIODIESEL_B20_ELD,"['BIO_DIESEL', 'DIESEL']","Diesel input accepted, fossil carbon emissions turned into biogenic carbon flows accordingly",3.067484662576687,kilogram,diesel,0.03600812043487304,1.0,ton kilometer,ton kilometer,0.08453085376162299,2.347549739912467,0.7653012152114643
SEMI_LH_BIODIESEL_B20_LD,"['BIO_DIESEL', 'DIESEL']","Diesel input accepted, fossil carbon emissions turned into biogenic carbon flows accordingly",3.067484662576687,kilogram,diesel,0.03600812043487304,1.0,ton kilometer,ton kilometer,0.08453085376162299,2.347549739912467,0.7653012152114643
SEMI_LH_CNG_ELD,['NG_HP'],,2.3696682464454977,kilogram,natural gas,0.01840690761873907,1.0,ton kilometer,ton kilometer,0.07633587786259542,4.1471321225561,1.7500897557186743
SEMI_LH_CNG_LD,['NG_HP'],,2.3696682464454977,kilogram,natural gas,0.01840690761873907,1.0,ton kilometer,ton kilometer,0.07633587786259542,4.1471321225561,1.7500897557186743
SEMI_LH_DIESEL_ELD,['DIESEL'],,3.058103975535168,kilogram,diesel,0.01800406021743652,1.0,ton kilometer,ton kilometer,0.08453085376162299,4.695099479824934,1.5352975299027536
SEMI_LH_DIESEL_LD,['DIESEL'],,3.058103975535168,kilogram,diesel,0.01800406021743652,1.0,ton kilometer,ton kilometer,0.08453085376162299,4.695099479824934,1.5352975299027536
SEMI_LH_HY_DIESEL_ELD,['DIESEL'],,3.2467532467532467,kilogram,diesel,0.01668653555640398,1.0,ton kilometer,ton kilometer,0.08453085376162299,5.0658121019723374,1.56027012740748
SEMI_LH_HY_DIESEL_LD,['DIESEL'],,3.2467532467532467,kilogram,diesel,0.01668653555640398,1.0,ton kilometer,ton kilometer,0.08453085376162299,5.0658121019723374,1.56027012740748
SEMI_LH_PROPANE_ELD,"['PROPANE', 'TRANSPORT_FUEL']","Natural gas input accepted, direct emissions adjusted accordingly",2.3529411764705883,kilogram,natural gas,0.01840690761873907,1.0,ton kilometer,ton kilometer,0.07633587786259542,4.1471321225561,1.7625311520863427
SEMI_LH_PROPANE_LD,"['PROPANE', 'TRANSPORT_FUEL']","Natural gas input accepted, direct emissions adjusted accordingly",2.3529411764705883,kilogram,natural gas,0.01840690761873907,1.0,ton kilometer,ton kilometer,0.07633587786259542,4.1471321225561,1.7625311520863427
SEMI_SH_BIODIESEL_B100_MD,['BIO_DIESEL'],,2.923976608187134,kilogram,diesel,0.17882613837718964,0.15873015873015872,kilometer,ton kilometer,0.08453085376162299,2.9780007751157376,1.0184762650895824
SEMI_SH_BIODIESEL_B20_MD,"['BIO_DIESEL', 'DIESEL']","Diesel input accepted, fossil carbon emissions turned into biogenic carbon flows accordingly",2.9325513196480935,kilogram,diesel,0.3576522767543793,0.15873015873015872,kilometer,ton kilometer,0.08453085376162299,1.4890003875578688,0.5077491321572333
SEMI_SH_DIESEL_MD,['DIESEL'],,2.923976608187134,kilogram,diesel,0.17882613837718964,0.15873015873015872,kilometer,ton kilometer,0.08453085376162299,2.9780007751157376,1.0184762650895824
SEMI_SH_HY_DIESEL_MD,['DIESEL'],,3.1847133757961785,kilogram,diesel,0.1733800768852234,0.15873015873015872,kilometer,ton kilometer,0.08453085376162299,3.071543099215293,0.9644645331536019
SMR,['NG_HP'],,1.017293997965412,cubic meter,natural gas,4.249188189123408,33.3,kilogram,kilowatt hour,0.09824437305353337,0.0006943165004155094,0.0006825131199084457
SMR_CCS,['NG_HP'],,1.017293997965412,cubic meter,natural gas,4.30116813081211,33.3,kilogram,kilowatt hour,0.09824437305353337,0.0006859256330726213,0.0006742648973103867
SUV_BIODIESEL_B100_ELD,['BIO_DIESEL'],,1.4224751066856332,kilogram,diesel,0.0700441813284011,1.0,person kilometer,person kilometer,0.08453085376162299,1.206821925226042,0.8483958134339074
SUV_BIODIESEL_B100_LD,['BIO_DIESEL'],,1.4224751066856332,kilogram,diesel,0.0700441813284011,1.0,person kilometer,person kilometer,0.08453085376162299,1.206821925226042,0.8483958134339074
SUV_BIODIESEL_B100_MD,['BIO_DIESEL'],,1.4224751066856332,kilogram,diesel,0.0700441813284011,1.0,person kilometer,person kilometer,0.08453085376162299,1.206821925226042,0.8483958134339074
SUV_BIODIESEL_B100_SD,['BIO_DIESEL'],,1.4224751066856332,kilogram,diesel,0.0700441813284011,1.0,person kilometer,person kilometer,0.08453085376162299,1.206821925226042,0.8483958134339074
SUV_BIODIESEL_B20_ELD,"['BIO_DIESEL', 'DIESEL']","Diesel input accepted, fossil carbon emissions turned into biogenic carbon flows accordingly",1.4204545454545456,kilogram,diesel,0.1400883626568022,1.0,person kilometer,person kilometer,0.08453085376162299,0.603410962613021,0.4248013176795667
SUV_BIODIESEL_B20_LD,"['BIO_DIESEL', 'DIESEL']","Diesel input accepted, fossil carbon emissions turned into biogenic carbon flows accordingly",1.4204545454545456,kilogram,diesel,0.1400883626568022,1.0,person kilometer,person kilometer,0.08453085376162299,0.603410962613021,0.4248013176795667
SUV_BIODIESEL_B20_MD,"['BIO_DIESEL', 'DIESEL']","Diesel input accepted, fossil carbon emissions turned into biogenic carbon flows accordingly",1.4204545454545456,kilogram,diesel,0.1400883626568022,1.0,person kilometer,person kilometer,0.08453085376162299,0.603410962613021,0.4248013176795667
SUV_BIODIESEL_B20_SD,"['BIO_DIESEL', 'DIESEL']","Diesel input accepted, fossil carbon emissions turned into biogenic carbon flows accordingly",1.4204545454545456,kilogram,diesel,0.1400883626568022,1.0,person kilometer,person kilometer,0.08453085376162299,0.603410962613021,0.4248013176795667
SUV_CNG_ELD,['NG_HP'],,1.1261261261261262,kilogram,natural gas,0.06294210686823792,1.0,person kilometer,person kilometer,0.07633587786259542,1.2127950852105382,1.076962035666958
SUV_CNG_LD,['NG_HP'],,1.1261261261261262,kilogram,natural gas,0.06294210686823792,1.0,person kilometer,person kilometer,0.07633587786259542,1.2127950852105382,1.076962035666958
SUV_CNG_MD,['NG_HP'],,1.1261261261261262,kilogram,natural gas,0.06294210686823792,1.0,person kilometer,person kilometer,0.07633587786259542,1.2127950852105382,1.076962035666958
SUV_CNG_SD,['NG_HP'],,1.1261261261261262,kilogram,natural gas,0.06294210686823792,1.0,person kilometer,person kilometer,0.07633587786259542,1.2127950852105382,1.076962035666958
SUV_DIESEL_ELD,['DIESEL'],,1.4224751066856332,kilogram,diesel,0.0700441813284011,1.0,person kilometer,person kilometer,0.08453085376162299,1.206821925226042,0.8483958134339074
SUV_DIESEL_LD,['DIESEL'],,1.4224751066856332,kilogram,diesel,0.0700441813284011,1.0,person kilometer,person kilometer,0.08453085376162299,1.206821925226042,0.8483958134339074
SUV_DIESEL_MD,['DIESEL'],,1.4224751066856332,kilogram,diesel,0.0700441813284011,1.0,person kilometer,person kilometer,0.08453085376162299,1.206821925226042,0.8483958134339074
SUV_DIESEL_SD,['DIESEL'],,1.4224751066856332,kilogram,diesel,0.0700441813284011,1.0,person kilometer,person kilometer,0.08453085376162299,1.206821925226042,0.8483958134339074
SUV_ETOH_E10_ELD,['GASOLINE'],,1.3157894736842106,kilogram,diesel,0.0700441813284011,1.0,person kilometer,person kilometer,0.08453085376162299,1.206821925226042,0.9171846631717918
SUV_ETOH_E10_LD,['GASOLINE'],,1.3157894736842106,kilogram,diesel,0.0700441813284011,1.0,person kilometer,person kilometer,0.08453085376162299,1.206821925226042,0.9171846631717918
SUV_ETOH_E10_MD,['GASOLINE'],,1.3157894736842106,kilogram,diesel,0.0700441813284011,1.0,person kilometer,person kilometer,0.08453085376162299,1.206821925226042,0.9171846631717918
SUV_ETOH_E10_SD,['GASOLINE'],,1.3157894736842106,kilogram,diesel,0.0700441813284011,1.0,person kilometer,person kilometer,0.08453085376162299,1.206821925226042,0.9171846631717918
SUV_ETOH_E85_ELD,['GASOLINE'],,7.874015748031496,kilogram,diesel,0.0700441813284011,1.0,person kilometer,person kilometer,0.08453085376162299,1.206821925226042,0.15326638450370733
SUV_ETOH_E85_LD,['GASOLINE'],,7.874015748031496,kilogram,diesel,0.0700441813284011,1.0,person kilometer,person kilometer,0.08453085376162299,1.206821925226042,0.15326638450370733
SUV_ETOH_E85_MD,['GASOLINE'],,7.874015748031496,kilogram,diesel,0.0700441813284011,1.0,person kilometer,person kilometer,0.08453085376162299,1.206821925226042,0.15326638450370733
SUV_ETOH_E85_SD,['GASOLINE'],,7.874015748031496,kilogram,diesel,0.0700441813284011,1.0,person kilometer,person kilometer,0.08453085376162299,1.206821925226042,0.15326638450370733
SUV_GASOLINE_ELD,['GASOLINE'],,1.183431952662722,kilogram,petrol,0.07837839819682466,1.0,person kilometer,person kilometer,0.08291873963515754,1.0579284795656467,0.8939495652329714
SUV_GASOLINE_LD,['GASOLINE'],,1.183431952662722,kilogram,petrol,0.07837839819682466,1.0,person kilometer,person kilometer,0.08291873963515754,1.0579284795656467,0.8939495652329714
SUV_GASOLINE_MD,['GASOLINE'],,1.183431952662722,kilogram,petrol,0.07837839819682466,1.0,person kilometer,person kilometer,0.08291873963515754,1.0579284795656467,0.8939495652329714
SUV_GASOLINE_SD,['GASOLINE'],,1.183431952662722,kilogram,petrol,0.07837839819682466,1.0,person kilometer,person kilometer,0.08291873963515754,1.0579284795656467,0.8939495652329714
SUV_HY_GASOLINE_ELD,['GASOLINE'],,1.7543859649122808,kilogram,petrol,0.06971466163149372,1.0,person kilometer,person kilometer,0.08291873963515754,1.1894017369468068,0.6779589900596799
SUV_HY_GASOLINE_LD,['GASOLINE'],,1.7543859649122808,kilogram,petrol,0.06971466163149372,1.0,person kilometer,person kilometer,0.08291873963515754,1.1894017369468068,0.6779589900596799
SUV_HY_GASOLINE_MD,['GASOLINE'],,1.7543859649122808,kilogram,petrol,0.06971466163149372,1.0,person kilometer,person kilometer,0.08291873963515754,1.1894017369468068,0.6779589900596799
SUV_HY_GASOLINE_SD,['GASOLINE'],,1.7543859649122808,kilogram,petrol,0.06971466163149372,1.0,person kilometer,person kilometer,0.08291873963515754,1.1894017369468068,0.6779589900596799
SUV_PHEV_GASOLINE_ELD,['GASOLINE'],,2.8169014084507045,kilogram,petrol,0.03459647976753571,1.0,person kilometer,person kilometer,0.08291873963515754,2.3967392113970503,0.8508424200459528
SUV_PHEV_GASOLINE_LD,['GASOLINE'],,2.8169014084507045,kilogram,petrol,0.03459647976753571,1.0,person kilometer,person kilometer,0.08291873963515754,2.3967392113970503,0.8508424200459528
SUV_PHEV_GASOLINE_MD,['GASOLINE'],,2.8169014084507045,kilogram,petrol,0.03459647976753571,1.0,person kilometer,person kilometer,0.08291873963515754,2.3967392113970503,0.8508424200459528
SUV_PHEV_GASOLINE_SD,['GASOLINE'],,2.8169014084507045,kilogram,petrol,0.03459647976753571,1.0,person kilometer,person kilometer,0.08291873963515754,2.3967392113970503,0.8508424200459528
SUV_PROPANE_ELD,"['PROPANE', 'TRANSPORT_FUEL']","Natural gas input accepted, direct emissions adjusted accordingly",1.183431952662722,kilogram,natural gas,0.06294210686823792,1.0,person kilometer,person kilometer,0.07633587786259542,1.2127950852105382,1.0248118470029048
SUV_PROPANE_LD,"['PROPANE', 'TRANSPORT_FUEL']","Natural gas input accepted, direct emissions adjusted accordingly",1.183431952662722,kilogram,natural gas,0.06294210686823792,1.0,person kilometer,person kilometer,0.07633587786259542,1.2127950852105382,1.0248118470029048
SUV_PROPANE_MD,"['PROPANE', 'TRANSPORT_FUEL']","Natural gas input accepted, direct emissions adjusted accordingly",1.183431952662722,kilogram,natural gas,0.06294210686823792,1.0,person kilometer,person kilometer,0.07633587786259542,1.2127950852105382,1.0248118470029048
SUV_PROPANE_SD,"['PROPANE', 'TRANSPORT_FUEL']","Natural gas input accepted, direct emissions adjusted accordingly",1.183431952662722,kilogram,natural gas,0.06294210686823792,1.0,person kilometer,person kilometer,0.07633587786259542,1.2127950852105382,1.0248118470029048
TRAIN_DIESEL_ELD,['DIESEL'],,0.9756097560975611,kilogram,diesel,0.00225875199961051,1.0,person kilometer,person kilometer,0.08453085376162299,37.42369847428985,38.35929093614709
TRAIN_DIESEL_LD,['DIESEL'],,0.9756097560975611,kilogram,diesel,0.00225875199961051,1.0,person kilometer,person kilometer,0.08453085376162299,37.42369847428985,38.35929093614709
TRAIN_FREIGHT_DIESEL_ELD,['DIESEL'],,19.607843137254903,kilogram,diesel,0.0107,1.0,ton kilometer,ton kilometer,0.08453085376162299,7.900079790805887,0.40290406933110023
TRAIN_FREIGHT_DIESEL_LD,['DIESEL'],,19.607843137254903,kilogram,diesel,0.0107,1.0,ton kilometer,ton kilometer,0.08453085376162299,7.900079790805887,0.40290406933110023
TRUCK_LH_BIODIESEL_B100_LD,['BIO_DIESEL'],,2.1459227467811157,kilogram,diesel,0.02589373817329146,1.0,ton kilometer,ton kilometer,0.08453085376162299,3.264528790548048,1.5212704163953903
TRUCK_LH_BIODIESEL_B20_LD,"['BIO_DIESEL', 'DIESEL']","Diesel input accepted, fossil carbon emissions turned into biogenic carbon flows accordingly",2.1505376344086025,kilogram,diesel,0.05178747634658292,1.0,ton kilometer,ton kilometer,0.08453085376162299,1.632264395274024,0.759002943802421
TRUCK_LH_CNG_LD,['NG_HP'],,1.7006802721088436,kilogram,natural gas,0.02653314886384407,1.0,ton kilometer,ton kilometer,0.07633587786259542,2.8770003234186823,1.6916761901701851
TRUCK_LH_DIESEL_LD,['DIESEL'],,2.0161290322580645,kilogram,diesel,0.02589373817329146,1.0,ton kilometer,ton kilometer,0.08453085376162299,3.264528790548048,1.6192062801118317
TRUCK_LH_GASOLINE_LD,['GASOLINE'],,1.76678445229682,kilogram,diesel,0.02589373817329146,1.0,ton kilometer,ton kilometer,0.08453085376162299,3.264528790548048,1.847723295450195
TRUCK_LH_HY_DIESEL_LD,['DIESEL'],,2.4390243902439024,kilogram,diesel,0.0230977299309441,1.0,ton kilometer,ton kilometer,0.08453085376162299,3.659703962871985,1.500478624777514
TRUCK_LH_PROPANE_LD,"['PROPANE', 'TRANSPORT_FUEL']","Natural gas input accepted, direct emissions adjusted accordingly",1.6501650165016502,kilogram,natural gas,0.02653314886384407,1.0,ton kilometer,ton kilometer,0.07633587786259542,2.8770003234186823,1.7434621959917216
TRUCK_SH_BIODIESEL_B100_MD,['BIO_DIESEL'],,2.092050209205021,kilogram,diesel,0.1117301881313324,0.3125,kilometer,ton kilometer,0.08453085376162299,2.4209995218054936,1.157237771423026
TRUCK_SH_BIODIESEL_B100_SD,['BIO_DIESEL'],,2.092050209205021,kilogram,diesel,0.1117301881313324,0.3125,kilometer,ton kilometer,0.08453085376162299,2.4209995218054936,1.157237771423026
TRUCK_SH_BIODIESEL_B20_MD,"['BIO_DIESEL', 'DIESEL']","Diesel input accepted, fossil carbon emissions turned into biogenic carbon flows accordingly",2.0876826722338206,kilogram,diesel,0.2234603762626648,0.3125,kilometer,ton kilometer,0.08453085376162299,1.2104997609027468,0.5798293854724157
TRUCK_SH_BIODIESEL_B20_SD,"['BIO_DIESEL', 'DIESEL']","Diesel input accepted, fossil carbon emissions turned into biogenic carbon flows accordingly",2.0876826722338206,kilogram,diesel,0.2234603762626648,0.3125,kilometer,ton kilometer,0.08453085376162299,1.2104997609027468,0.5798293854724157
TRUCK_SH_DIESEL_MD,['DIESEL'],,2.092050209205021,kilogram,diesel,0.1117301881313324,0.3125,kilometer,ton kilometer,0.08453085376162299,2.4209995218054936,1.157237771423026
TRUCK_SH_DIESEL_SD,['DIESEL'],,2.092050209205021,kilogram,diesel,0.1117301881313324,0.3125,kilometer,ton kilometer,0.08453085376162299,2.4209995218054936,1.157237771423026
TRUCK_SH_GASOLINE_MD,['GASOLINE'],,1.718213058419244,kilogram,diesel,0.1117301881313324,0.3125,kilometer,ton kilometer,0.08453085376162299,2.4209995218054936,1.4090217216907972
TRUCK_SH_GASOLINE_SD,['GASOLINE'],,1.718213058419244,kilogram,diesel,0.1117301881313324,0.3125,kilometer,ton kilometer,0.08453085376162299,2.4209995218054936,1.4090217216907972
TRUCK_SH_HY_DIESEL_MD,['DIESEL'],,2.358490566037736,kilogram,diesel,0.10848501324653625,0.3125,kilometer,ton kilometer,0.08453085376162299,2.493420279375134,1.0572101984550568
TRUCK_SH_HY_DIESEL_SD,['DIESEL'],,2.358490566037736,kilogram,diesel,0.10848501324653625,0.3125,kilometer,ton kilometer,0.08453085376162299,2.493420279375134,1.0572101984550568
